LINK_ID	EVENT_GROUP_ID	SOURCE_SEGMENT_ID	SOURCE_CHROMOSOME	SOURCE_START_POS	SOURCE_STOP_POS	TARGET_SEGMENT_ID	TARGET_CHROMOSOME	TARGET_START_POS	TARGET_STOP_POS	LINK_TYPE	ORIENTATION	EVIDENCE	CONFIDENCE
1	TXG001	1067	chr9	133700000	133701000	1068	chr22	23200000	23201000	TRANSLOCATION		t(9;22)(q34;q11.2)	
2	TXG002	1069	chr1	12000000	12001500	1070	chr7	55000000	55002000	TRANSLOCATION		t(1;7)(p36;q31)	
3	TXG003	1071	chr2	89100000	89101800	1072	chr12	25300000	25301600	TRANSLOCATION		t(2;12)(q21;p13)	
4	TXG004	1073	chr3	45120000	45122500	1074	chr8	128700000	128702200	TRANSLOCATION		t(3;8)(p21;q24)	
5	TXG005	1075	chr4	99000000	99001750	1076	chr11	67400000	67401900	TRANSLOCATION		t(4;11)(q31;q23)	
6	TXG006	1077	chr5	70000000	70003000	1078	chr14	106200000	106202000	TRANSLOCATION		t(5;14)(q13;q32)	
7	TXG007	1079	chr6	32500000	32501800	1080	chr17	43000000	43001800	TRANSLOCATION		t(6;17)(p21;q21)	
8	TXG008	1081	chr7	140500000	140502100	1082	chr10	81100000	81102100	TRANSLOCATION		t(7;10)(q34;q22)	
9	TXG009	1083	chr8	118000000	118002500	1084	chr21	36000000	36001700	TRANSLOCATION		t(8;21)(q22;q22)	
10	TXG010	1085	chr9	21900000	21902000	1086	chr15	61000000	61001800	TRANSLOCATION		t(9;15)(p21;q21)	
11	TXG011	1087	chr10	33000000	33001400	1088	chr20	45800000	45801600	TRANSLOCATION		t(10;20)(p11;q13)	
12	TXG012	1089	chr11	118900000	118902400	1090	chr19	55600000	55601800	TRANSLOCATION		t(11;19)(q23;p13)	
13	TXG013	1091	chr12	69300000	69302000	1092	chr18	24000000	24001500	TRANSLOCATION		t(12;18)(q15;q11)	
14	TXG014	1093	chr13	48000000	48001600	1094	chr3	178000000	178002000	TRANSLOCATION		t(13;3)(q14;q26)	
15	TXG015	1095	chr14	75500000	75502200	1096	chr5	150400000	150402500	TRANSLOCATION		t(14;5)(q24;q33)	
16	TXG016	1097	chr15	42000000	42001800	1098	chr1	161000000	161002100	TRANSLOCATION		t(15;1)(q15;q23)	
17	TXG017	1099	chr16	66600000	66601800	1100	chr2	130900000	130902000	TRANSLOCATION		t(16;2)(q22;q31)	
18	TXG018	1101	chr17	7570000	7571800	1102	chr6	32700000	32701800	TRANSLOCATION		t(17;6)(p13;p21)	
19	TXG019	1103	chr18	78000000	78001900	1104	chr9	141000000	141002000	TRANSLOCATION		t(18;9)(q23;q34)	
20	TXG020	1105	chr19	13000000	13001700	1106	chr22	42000000	42001800	TRANSLOCATION		t(19;22)(p13;q13)	
21	TXG021	1107	chr20	20000000	20001500	1108	chr4	88000000	88002000	TRANSLOCATION		t(20;4)(p12;q22)	
22	TXG022	1109	chr21	19000000	19001800	1110	chr8	142000000	142002400	TRANSLOCATION		t(21;8)(q21;q24)	
23	TXG023	1111	chr22	23200000	23201800	1112	chr9	133700000	133702000	TRANSLOCATION		t(22;9)(q11.2;q34)	
24	TXG024	1113	chrX	50000000	50001800	1114	chr2	45000000	45001800	TRANSLOCATION		t(X;2)(p11;p21)	
25	TXG025	1115	chrY	12000000	12001500	1116	chr1	220000000	220002000	TRANSLOCATION		t(Y;1)(q11;q41)	
26	TXG026	1117	chr1	248000000	248002000	1118	chr16	90000000	90001800	TRANSLOCATION		t(1;16)(q44;q24)	
27	TXG027	1119	chr2	240000000	240002100	1120	chr7	100000000	100002000	TRANSLOCATION		t(2;7)(q37;q22)	
28	TXG028	1121	chr3	10000000	10001600	1122	chr11	30000000	30001800	TRANSLOCATION		t(3;11)(p25;p14)	
29	TXG029	1123	chr4	5000000	5001800	1124	chr13	110000000	110002000	TRANSLOCATION		t(4;13)(p16;q34)	
30	TXG030	1125	chr5	141011866	141013200	1126	chr7	77900000	77902000	TRANSLOCATION		t(5;7)(q31;q21)	
31	TXG031	1127	chr6	32490000	32491800	1128	chr14	23000000	23001800	TRANSLOCATION		t(6;14)(p21;q11)	
32	TXG032	1129	chr7	55200000	55202200	1130	chr12	121000000	121002100	TRANSLOCATION		t(7;12)(p11;q24)	
33	TXG033	1131	chr8	38200000	38201800	1132	chr17	81000000	81002000	TRANSLOCATION		t(8;17)(p12;q25)	
34	TXG034	1133	chr9	90000000	90001900	1134	chr3	60000000	60001800	TRANSLOCATION		t(9;3)(q21;p14)	
35	TXG035	1135	chr10	123000000	123002000	1136	chr18	55000000	55001700	TRANSLOCATION		t(10;18)(q26;q21)	
36	TXG036	1137	chr11	65000000	65001800	1138	chr15	91500000	91502000	TRANSLOCATION		t(11;15)(q13;q26)	
37	TXG037	1139	chr12	112000000	112001900	1140	chr20	60000000	60001800	TRANSLOCATION		t(12;20)(q24;q13)	
38	TXG038	1141	chr13	35000000	35001800	1142	chr19	41000000	41001800	TRANSLOCATION		t(13;19)(q13;q13)	
39	TXG039	1143	chr14	95000000	95002100	1144	chr21	43000000	43001800	TRANSLOCATION		t(14;21)(q32;q22)	
40	TXG040	1145	chr15	27000000	27001800	1146	chr22	25000000	25001800	TRANSLOCATION		t(15;22)(q12;q11)	
41	TXG041	1147	chr16	10000000	10001500	1148	chr5	181000000	181002000	TRANSLOCATION		t(16;5)(p13;q35)	
42	TXG042	1149	chr17	43000000	43001800	1150	chr1	108700000	108702000	TRANSLOCATION		t(17;1)(q21;p13)	
43	TXG043	1151	chr18	15000000	15001700	1152	chr6	32550000	32551800	TRANSLOCATION		t(18;6)(p11;p21)	
44	TXG044	1153	chr19	56000000	56001800	1154	chr10	45000000	45001700	TRANSLOCATION		t(19;10)(q13;q11)	
45	TXG045	1155	chr20	50000000	50001800	1156	chr12	69000000	69002000	TRANSLOCATION		t(20;12)(q13;q15)	
46	TXG046	1157	chr21	35000000	35001800	1158	chr4	180000000	180002200	TRANSLOCATION		t(21;4)(q22;q35)	
47	TXG047	1159	chr22	48000000	48001800	1160	chr8	128500000	128502000	TRANSLOCATION		t(22;8)(q13;q24)	
48	TXG048	1161	chrX	75000000	75001800	1162	chr9	22000000	22001800	TRANSLOCATION		t(X;9)(q13;p21)	
49	TXG049	1163	chrY	20000000	20001500	1164	chr15	50000000	50001800	TRANSLOCATION		t(Y;15)(q11;q21)	
50	TXG050	1165	chr5	150400000	150402000	1166	chr22	23200000	23201800	TRANSLOCATION		t(5;22)(q33;q11.2)	
51	TXG001	1171	chr9	133700000	133701000	1172	chr22	23200000	23201000	TRANSLOCATION		46,XX,t(9;22)(q34;q11.2)	HIGH
