ACCESSION_IDENTIFIER	SEGMENT_ID	CHROMOSOME	START_POS	STOP_POS	EVENT_TYPE	COPY_NUMBER
25-54321_16Oct2025_CWGS554_MDL55455_SV	1	chr1	161498451	161580088	DUP	3
25-54321_16Oct2025_CWGS554_MDL55455_SV	2	chr19	41355812	41387555	DEL	1
25-54321_16Oct2025_CWGS554_MDL55455_SV	3	chr2	130954939	130957387	DEL	1
25-54321_16Oct2025_CWGS554_MDL55455_SV	4	chr7	141765418	141794499	DEL	1
25-54321_16Oct2025_CWGS554_MDL55455_SV	5	chr2	179315141	179315692	DEL	1
25-54321_16Oct2025_CWGS554_MDL55455_SV	6	chr9	140772669	140773504	DEL	1
25-54321_16Oct2025_CWGS554_MDL55455_SV	7	chr15	52816162	52817050	DUP	3
25-54321_16Oct2025_CWGS554_MDL55455_SV	8	chr9	140773612	140777194	DEL	1
25-54321_16Oct2025_CWGS554_MDL55455_SV	9	chr1	108733325	108737251	DEL	1
25-54321_16Oct2025_CWGS554_MDL55455_SV	10	chr6	32526232	32552713	DUP	3
25-54321_16Oct2025_CWGS554_MDL55455_SV	11	chr6	32630976	32727739	DEL	1
25-54321_16Oct2025_CWGS554_MDL55455_SV	12	chr6	32633351	32730238	DEL	1
25-54321_16Oct2025_CWGS554_MDL55455_SV	13	chr6	32615878	32719083	DEL	1
25-54321_16Oct2025_CWGS554_MDL55455_SV	14	chr6	32607504	32711416	DEL	1
25-54321_16Oct2025_CWGS554_MDL55455_SV	15	chr7	128139704	128639758	DEL	1
25-54321_16Oct2025_CWGS554_MDL55455_SV	16	chr19	55671153	55671187	DEL	1
25-54321_16Oct2025_CWGS554_MDL55455_SV	17	chr1	16376518	16386334	DUP	3
25-54321_16Oct2025_CWGS554_MDL55455_SV	18	chr1	1430876	1469254	DEL	1
25-54321_16Oct2025_CWGS554_MDL55455_SV	19	chr6	32496614	32556241	DUP	3
25-54321_16Oct2025_CWGS554_MDL55455_SV	20	chr6	32492557	32552763	DEL	1
25-54321_16Oct2025_CWGS554_MDL55455_SV	21	chr6	32633394	32730286	DUP	3
25-54321_16Oct2025_CWGS554_MDL55455_SV	22	chr6	32631207	32728115	DUP	3
25-54321_16Oct2025_CWGS554_MDL55455_SV	23	chr6	32630889	32727820	DUP	3
25-54321_16Oct2025_CWGS554_MDL55455_SV	24	chr6	32632275	32729209	DUP	3
25-54321_16Oct2025_CWGS554_MDL55455_SV	25	chr6	32630167	32727102	DUP	3
25-54321_16Oct2025_CWGS554_MDL55455_SV	26	chr6	32620140	32719330	DUP	3
25-54321_16Oct2025_CWGS554_MDL55455_SV	27	chr1	225133309	225248392	DUP	3
25-54321_16Oct2025_CWGS554_MDL55455_SV	28	chr1	180509361	181044088	DEL	1
25-54321_16Oct2025_CWGS554_MDL55455_SV	29	chr10	98163499	99460042	DEL	1
25-54321_16Oct2025_CWGS554_MDL55455_SV	30	chr13	99187598	103337710	DUP	3
25-54321_16Oct2025_CWGS554_MDL55455_SV	31	chr17	15723603	20541426	DEL	1
25-54321_16Oct2025_CWGS554_MDL55455_SV	32	chr17	15723210	20541256	DUP	3
25-54321_16Oct2025_CWGS554_MDL55455_SV	33	chr7	66194506	73382111	DEL	1
25-54321_16Oct2025_CWGS554_MDL55455_SV	34	chr7	66193572	73382119	DUP	3
25-54321_16Oct2025_CWGS554_MDL55455_SV	35	chr3	104283985	111654634	DEL	1
25-54321_16Oct2025_CWGS554_MDL55455_SV	36	chrX	119430625	127802045	DUP	3
25-54321_16Oct2025_CWGS554_MDL55455_SV	37	chr2	89077388	97834823	DUP	3
25-54321_16Oct2025_CWGS554_MDL55455_SV	38	chr2	123358248	133027869	DUP	3
25-54321_16Oct2025_CWGS554_MDL55455_SV	39	chr2	123358248	133028851	DUP	3
25-54321_16Oct2025_CWGS554_MDL55455_SV	40	chr7	26975709	36756373	DEL	1
25-54321_16Oct2025_CWGS554_MDL55455_SV	41	chr18	62884128	75877220	DEL	1
25-54321_16Oct2025_CWGS554_MDL55455_SV	42	chr14	84171181	100123232	DEL	1
25-54321_16Oct2025_CWGS554_MDL55455_SV	43	chr2	133028278	155433806	DUP	3
25-54321_16Oct2025_CWGS554_MDL55455_SV	44	chr16	33958690	60761327	DEL	1
25-54321_16Oct2025_CWGS554_MDL55455_SV	45	chr16	33958697	60761391	DUP	3
25-54321_16Oct2025_CWGS554_MDL55455_SV	46	chr7	72355089	102009660	DUP	3
25-54321_16Oct2025_CWGS554_MDL55455_SV	47	chr1	112713484	150403123	DEL	1
25-54321_16Oct2025_CWGS554_MDL55455_SV	48	chr18	27577080	67607714	DEL	1
25-54321_16Oct2025_CWGS554_MDL55455_SV	49	chr19	15473210	58657893	DEL	1
25-54321_16Oct2025_CWGS554_MDL55455_SV	50	chr3	75463357	129799474	DEL	1
25-54321_16Oct2025_CWGS554_MDL55455_SV	51	chr8	21374809	80848503	DEL	1
25-54321_16Oct2025_CWGS554_MDL55455_SV	52	chr11	3464241	67593029	DEL	1
25-54321_16Oct2025_CWGS554_MDL55455_SV	53	chr1	159738494	224528378	DEL	1
25-54321_16Oct2025_CWGS554_MDL55455_SV	54	chr3	33010436	112024101	DEL	1
25-54321_16Oct2025_CWGS554_MDL55455_SV	55	chr10	6509393	98561333	DEL	1
25-54321_16Oct2025_CWGS554_MDL55455_SV	56	chr12	34372631	127650987	DUP	3
25-54321_16Oct2025_CWGS554_MDL55455_SV	57	chr12	34372607	127650987	DUP	3
25-54321_16Oct2025_CWGS554_MDL55455_SV	58	chr2	133038630	230045624	DUP	3
25-54321_16Oct2025_CWGS554_MDL55455_SV	59	chr6	67315800	167478534	DUP	3
25-54321_16Oct2025_CWGS554_MDL55455_SV	60	chr7	37712339	158101956	DEL	1
25-54321_16Oct2025_CWGS554_MDL55455_SV	61	chr2	7352601	133032754	DUP	3
25-54321_16Oct2025_CWGS554_MDL55455_SV	62	chr2	17472761	208963326	DUP	3
25-54321_16Oct2025_CWGS554_MDL55455_SV	63	chr1	822444	227710261	DUP	3
25-54321_16Oct2025_CWGS554_MDL55455_SV	64	chr21	46930865	46930934	DEL	1
25-54321_16Oct2025_CWGS554_MDL55455_SV	65	chr1	247597258	247597349	DEL	1
25-54321_16Oct2025_CWGS554_MDL55455_SV	66	chr10	135104815	135105936	DEL	1
25-54321_16Oct2025_CWGS554_MDL55455_SV	67	chr9	140772668	140777194	DEL	1
25-54321_16Oct2025_CWGS554_MDL55455_SV	68	chr15	100686979	100693180	DEL	1
25-54321_16Oct2025_CWGS554_MDL55455_SV	69	chr15	100686924	100693158	DUP	3
25-54321_16Oct2025_CWGS554_MDL55455_SV	70	chr1	16376517	16386257	DEL	1
25-54321_16Oct2025_CWGS554_MDL55455_SV	71	chr6	3156802	3180412	DEL	1
25-54321_16Oct2025_CWGS554_MDL55455_SV	72	chr8	143959247	143997175	DEL	1
25-54321_16Oct2025_CWGS554_MDL55455_SV	73	chr4	69446564	69542021	DEL	1
25-54321_16Oct2025_CWGS554_MDL55455_SV	74	chr1	225133655	225248663	DEL	1
25-54321_16Oct2025_CWGS554_MDL55455_SV	75	chr14	37631609	37771227	DEL	1
25-54321_16Oct2025_CWGS554_MDL55455_SV	76	chr10	135242504	135387342	DUP	3
25-54321_16Oct2025_CWGS554_MDL55455_SV	77	chr19	4005348	4159437	DEL	1
25-54321_16Oct2025_CWGS554_MDL55455_SV	78	chr4	86017	367133	DEL	1
25-54321_16Oct2025_CWGS554_MDL55455_SV	79	chr5	141011866	141579477	DEL	1
25-54321_16Oct2025_CWGS554_MDL55455_SV	80	chr5	141011634	141579328	DUP	3
25-54321_16Oct2025_CWGS554_MDL55455_SV	81	chr13	23507755	24929927	DEL	1
25-54321_16Oct2025_CWGS554_MDL55455_SV	82	chr9	93670595	96381175	DUP	3
25-54321_16Oct2025_CWGS554_MDL55455_SV	83	chrX	52892001	55678954	DEL	1
25-54321_16Oct2025_CWGS554_MDL55455_SV	84	chrX	52886720	55678959	DUP	3
25-54321_16Oct2025_CWGS554_MDL55455_SV	85	chrX	65919835	84129997	DUP	3
25-54321_16Oct2025_CWGS554_MDL55455_SV	86	chr12	9558855	31271236	DEL	1
25-54321_16Oct2025_CWGS554_MDL55455_SV	87	chr12	9548771	31263811	DUP	3
25-54321_16Oct2025_CWGS554_MDL55455_SV	88	chr6	119558705	143003852	DEL	1
25-54321_16Oct2025_CWGS554_MDL55455_SV	89	chr2	133038291	230045486	DEL	1
25-54321_16Oct2025_CWGS554_MDL55455_SV	90	chr9	140777201	140785700	DUP	3
25-54321_16Oct2025_CWGS554_MDL55455_SV	91	chr16	28609901	28625400	DUP	3
25-54321_16Oct2025_CWGS554_MDL55455_SV	92	chr16	15343701	16327100	DUP	3
25-54321_16Oct2025_CWGS554_MDL55455_SV	93	chr16	84501438	84504115	DEL	1
25-54321_16Oct2025_CWGS554_MDL55455_SV	94	chr19	51330500	51333892	DEL	1
25-54321_16Oct2025_CWGS554_MDL55455_SV	95	chr6	165724669	165732132	DEL	1
25-54321_16Oct2025_CWGS554_MDL55455_SV	96	chr17	39421768	39432136	DEL	1
25-54321_16Oct2025_CWGS554_MDL55455_SV	97	chr1	152555541	152587761	DEL	1
25-54321_16Oct2025_CWGS554_MDL55455_SV	98	chr20	1561099	1594132	DEL	1
25-54321_16Oct2025_CWGS554_MDL55455_SV	99	chr22	24274144	24311297	DEL	1
25-54321_16Oct2025_CWGS554_MDL55455_SV	100	chr5	140554179	140559292	DUP	3
25-54321_16Oct2025_CWGS554_MDL55455_SV	101	chr3	195454856	195462135	DUP	3
25-54321_16Oct2025_CWGS554_MDL55455_SV	102	chr7	38392407	38401695	DEL	1
25-54321_16Oct2025_CWGS554_MDL55455_SV	103	chr14	106372876	106382405	DEL	1
25-54321_16Oct2025_CWGS554_MDL55455_SV	104	chr6	35754560	35766788	DUP	3
25-54321_16Oct2025_CWGS554_MDL55455_SV	105	chr17	45115934	45133313	DEL	1
25-54321_16Oct2025_CWGS554_MDL55455_SV	106	chr19	54724473	54744306	DUP	3
25-54321_16Oct2025_CWGS554_MDL55455_SV	107	chr7	142462982	142484065	DEL	1
25-54321_16Oct2025_CWGS554_MDL55455_SV	108	chr14	106782061	106807088	DUP	3
25-54321_16Oct2025_CWGS554_MDL55455_SV	109	chr12	11203207	11231775	DUP	3
25-54321_16Oct2025_CWGS554_MDL55455_SV	110	chr12	11207686	11237373	DUP	3
25-54321_16Oct2025_CWGS554_MDL55455_SV	111	chr12	11166439	11221579	DUP	3
25-54321_16Oct2025_CWGS554_MDL55455_SV	112	chr12	11167744	11222990	DUP	3
25-54321_16Oct2025_CWGS554_MDL55455_SV	113	chr1	1588479	1653774	DEL	1
25-54321_16Oct2025_CWGS554_MDL55455_SV	114	chr12	11205530	11277022	DUP	3
25-54321_16Oct2025_CWGS554_MDL55455_SV	115	chr10	133954117	133954151	DEL	1
25-54321_16Oct2025_CWGS554_MDL55455_SV	116	chr15	75129859	75129914	DEL	1
25-54321_16Oct2025_CWGS554_MDL55455_SV	117	chr2	169403995	169404054	DEL	1
25-54321_16Oct2025_CWGS554_MDL55455_SV	118	chr12	10741657	10741741	DEL	1
25-54321_16Oct2025_CWGS554_MDL55455_SV	119	chr17	39346462	39346595	DEL	1
25-54321_16Oct2025_CWGS554_MDL55455_SV	120	chr15	43093361	43093516	DEL	1
25-54321_16Oct2025_CWGS554_MDL55455_SV	121	chr7	149575929	149576094	DEL	1
25-54321_16Oct2025_CWGS554_MDL55455_SV	122	chr9	139427524	139427795	DEL	1
25-54321_16Oct2025_CWGS554_MDL55455_SV	123	chr11	7716915	7717219	DEL	1
25-54321_16Oct2025_CWGS554_MDL55455_SV	124	chr8	6587843	6588150	DEL	1
25-54321_16Oct2025_CWGS554_MDL55455_SV	125	chr19	56041836	56042147	DEL	1
25-54321_16Oct2025_CWGS554_MDL55455_SV	126	chr3	75787261	75787739	DEL	1
25-54321_16Oct2025_CWGS554_MDL55455_SV	127	chr19	6387618	6388175	DEL	1
25-54321_16Oct2025_CWGS554_MDL55455_SV	128	chr12	93894805	93895679	DEL	1
25-54321_16Oct2025_CWGS554_MDL55455_SV	129	chr14	105417233	105418175	DEL	1
25-54321_16Oct2025_CWGS554_MDL55455_SV	130	chr22	35645166	35646139	DEL	1
25-54321_16Oct2025_CWGS554_MDL55455_SV	131	chr15	23685006	23686014	DUP	3
25-54321_16Oct2025_CWGS554_MDL55455_SV	132	chr11	93021139	93022160	DEL	1
25-54321_16Oct2025_CWGS554_MDL55455_SV	133	chr12	93894556	93895672	DUP	3
25-54321_16Oct2025_CWGS554_MDL55455_SV	134	chr17	45214728	45216106	DEL	1
25-54321_16Oct2025_CWGS554_MDL55455_SV	135	chr6	136597611	136599000	DEL	1
25-54321_16Oct2025_CWGS554_MDL55455_SV	136	chr17	45219800	45221251	DEL	1
25-54321_16Oct2025_CWGS554_MDL55455_SV	137	chrX	55185662	55187568	DEL	1
25-54321_16Oct2025_CWGS554_MDL55455_SV	138	chr22	24025618	24027538	DEL	1
25-54321_16Oct2025_CWGS554_MDL55455_SV	139	chr19	42352491	42354570	DEL	1
25-54321_16Oct2025_CWGS554_MDL55455_SV	140	chr2	102967162	102969288	DEL	1
25-54321_16Oct2025_CWGS554_MDL55455_SV	141	chr14	105415372	105417748	DEL	1
25-54321_16Oct2025_CWGS554_MDL55455_SV	142	chr1	89475940	89478606	DEL	1
25-54321_16Oct2025_CWGS554_MDL55455_SV	143	chr11	400501	403200	DEL	1
25-54321_16Oct2025_CWGS554_MDL55455_SV	144	chr11	47644331	47647227	DEL	1
25-54321_16Oct2025_CWGS554_MDL55455_SV	145	chr17	45216257	45219231	DEL	1
25-54321_16Oct2025_CWGS554_MDL55455_SV	146	chr10	46219101	46222300	DUP	3
25-54321_16Oct2025_CWGS554_MDL55455_SV	147	chr10	126683206	126686566	DEL	1
25-54321_16Oct2025_CWGS554_MDL55455_SV	148	chr17	45214723	45219225	DEL	1
25-54321_16Oct2025_CWGS554_MDL55455_SV	149	chr10	126686738	126691528	DEL	1
25-54321_16Oct2025_CWGS554_MDL55455_SV	150	chr17	45216245	45221251	DEL	1
25-54321_16Oct2025_CWGS554_MDL55455_SV	151	chr19	54555554	54560642	DEL	1
25-54321_16Oct2025_CWGS554_MDL55455_SV	152	chr18	14182101	14187600	DUP	3
25-54321_16Oct2025_CWGS554_MDL55455_SV	153	chr1	144901180	144906809	DEL	1
25-54321_16Oct2025_CWGS554_MDL55455_SV	154	chr11	48367528	48373693	DEL	1
25-54321_16Oct2025_CWGS554_MDL55455_SV	155	chr7	142042001	142048200	DUP	3
25-54321_16Oct2025_CWGS554_MDL55455_SV	156	chr3	197843929	197850166	DEL	1
25-54321_16Oct2025_CWGS554_MDL55455_SV	157	chr4	190813508	190820048	DEL	1
25-54321_16Oct2025_CWGS554_MDL55455_SV	158	chr6	136582615	136589299	DEL	1
25-54321_16Oct2025_CWGS554_MDL55455_SV	159	chr17	45259006	45266510	DEL	1
25-54321_16Oct2025_CWGS554_MDL55455_SV	160	chr17	21212907	21221182	DEL	1
25-54321_16Oct2025_CWGS554_MDL55455_SV	161	chr10	126683180	126691528	DEL	1
25-54321_16Oct2025_CWGS554_MDL55455_SV	162	chr9	130892701	130901100	DUP	3
25-54321_16Oct2025_CWGS554_MDL55455_SV	163	chr16	72088761	72097270	DEL	1
25-54321_16Oct2025_CWGS554_MDL55455_SV	164	chr5	837201	846000	DUP	3
25-54321_16Oct2025_CWGS554_MDL55455_SV	165	chr1	144896296	144906809	DEL	1
25-54321_16Oct2025_CWGS554_MDL55455_SV	166	chr15	22373079	22383651	DEL	1
25-54321_16Oct2025_CWGS554_MDL55455_SV	167	chr10	124343401	124354100	DEL	1
25-54321_16Oct2025_CWGS554_MDL55455_SV	168	chr9	33793001	33804100	DUP	3
25-54321_16Oct2025_CWGS554_MDL55455_SV	169	chr14	107087352	107099104	DEL	1
25-54321_16Oct2025_CWGS554_MDL55455_SV	170	chr14	107087235	107099283	DUP	3
25-54321_16Oct2025_CWGS554_MDL55455_SV	171	chr11	56465901	56478300	DUP	3
25-54321_16Oct2025_CWGS554_MDL55455_SV	172	chrX	55172747	55185571	DEL	1
25-54321_16Oct2025_CWGS554_MDL55455_SV	173	chr11	183801	196800	DUP	3
25-54321_16Oct2025_CWGS554_MDL55455_SV	174	chr1	12842901	12856300	DUP	3
25-54321_16Oct2025_CWGS554_MDL55455_SV	175	chr10	127574401	127589100	DUP	3
25-54321_16Oct2025_CWGS554_MDL55455_SV	176	chrX	55172746	55187568	DEL	1
25-54321_16Oct2025_CWGS554_MDL55455_SV	177	chr11	48373701	48388900	DUP	3
25-54321_16Oct2025_CWGS554_MDL55455_SV	178	chr12	10581501	10597000	DEL	1
25-54321_16Oct2025_CWGS554_MDL55455_SV	179	chr19	52133801	52149700	DEL	1
25-54321_16Oct2025_CWGS554_MDL55455_SV	180	chr17	39578921	39595260	DEL	1
25-54321_16Oct2025_CWGS554_MDL55455_SV	181	chr12	58220883	58240153	DEL	1
25-54321_16Oct2025_CWGS554_MDL55455_SV	182	chr19	54723860	54743497	DEL	1
25-54321_16Oct2025_CWGS554_MDL55455_SV	183	chr7	142108683	142128809	DUP	3
25-54321_16Oct2025_CWGS554_MDL55455_SV	184	chr6	29365128	29385608	DEL	1
25-54321_16Oct2025_CWGS554_MDL55455_SV	185	chr11	18963938	18986225	DEL	1
25-54321_16Oct2025_CWGS554_MDL55455_SV	186	chr1	153043218	153066133	DEL	1
25-54321_16Oct2025_CWGS554_MDL55455_SV	187	chr1	153043687	153066687	DUP	3
25-54321_16Oct2025_CWGS554_MDL55455_SV	188	chr12	11192447	11218061	DEL	1
25-54321_16Oct2025_CWGS554_MDL55455_SV	189	chr7	142197406	142223732	DUP	3
25-54321_16Oct2025_CWGS554_MDL55455_SV	190	chr16	55795501	55822600	DEL	1
25-54321_16Oct2025_CWGS554_MDL55455_SV	191	chr19	53391213	53418357	DUP	3
25-54321_16Oct2025_CWGS554_MDL55455_SV	192	chr11	48340101	48367900	DUP	3
25-54321_16Oct2025_CWGS554_MDL55455_SV	193	chr19	53602444	53632175	DEL	1
25-54321_16Oct2025_CWGS554_MDL55455_SV	194	chr11	49839362	49874040	DUP	3
25-54321_16Oct2025_CWGS554_MDL55455_SV	195	chr10	126691672	126727567	DEL	1
25-54321_16Oct2025_CWGS554_MDL55455_SV	196	chr6	32490930	32526885	DEL	1
25-54321_16Oct2025_CWGS554_MDL55455_SV	197	chr19	53323669	53359732	DUP	3
25-54321_16Oct2025_CWGS554_MDL55455_SV	198	chr4	32501	68700	DUP	3
25-54321_16Oct2025_CWGS554_MDL55455_SV	199	chr6	32478561	32514912	DUP	3
25-54321_16Oct2025_CWGS554_MDL55455_SV	200	chr7	142133735	142170770	DUP	3
25-54321_16Oct2025_CWGS554_MDL55455_SV	201	chrY	13490701	13527800	DEL	1
25-54321_16Oct2025_CWGS554_MDL55455_SV	202	chr3	75757901	75795100	DUP	3
25-54321_16Oct2025_CWGS554_MDL55455_SV	203	chr19	53941414	53978864	DUP	3
25-54321_16Oct2025_CWGS554_MDL55455_SV	204	chr19	53946032	53983587	DUP	3
25-54321_16Oct2025_CWGS554_MDL55455_SV	205	chr14	106531801	106569600	DEL	1
25-54321_16Oct2025_CWGS554_MDL55455_SV	206	chr6	32469462	32507644	DEL	1
25-54321_16Oct2025_CWGS554_MDL55455_SV	207	chr6	32470975	32509244	DUP	3
25-54321_16Oct2025_CWGS554_MDL55455_SV	208	chr15	20840001	20878900	DUP	3
25-54321_16Oct2025_CWGS554_MDL55455_SV	209	chr6	52650885	52691455	DUP	3
25-54321_16Oct2025_CWGS554_MDL55455_SV	210	chr3	97859894	97902338	DEL	1
25-54321_16Oct2025_CWGS554_MDL55455_SV	211	chr3	97859656	97902340	DUP	3
25-54321_16Oct2025_CWGS554_MDL55455_SV	212	chr6	32495988	32539032	DUP	3
25-54321_16Oct2025_CWGS554_MDL55455_SV	213	chr3	129763382	129806745	DEL	1
25-54321_16Oct2025_CWGS554_MDL55455_SV	214	chr14	106090737	106134538	DUP	3
25-54321_16Oct2025_CWGS554_MDL55455_SV	215	chr1	248155593	248202616	DUP	3
25-54321_16Oct2025_CWGS554_MDL55455_SV	216	chr1	248154498	248202416	DEL	1
25-54321_16Oct2025_CWGS554_MDL55455_SV	217	chr22	24344101	24397400	DEL	1
25-54321_16Oct2025_CWGS554_MDL55455_SV	218	chr9	68385301	68439900	DUP	3
25-54321_16Oct2025_CWGS554_MDL55455_SV	219	chr1	144906801	144961700	DUP	3
25-54321_16Oct2025_CWGS554_MDL55455_SV	220	chr6	29856797	29911711	DUP	3
25-54321_16Oct2025_CWGS554_MDL55455_SV	221	chr12	11167970	11223009	DEL	1
25-54321_16Oct2025_CWGS554_MDL55455_SV	222	chr12	11169849	11225403	DEL	1
25-54321_16Oct2025_CWGS554_MDL55455_SV	223	chr7	142109117	142166037	DEL	1
25-54321_16Oct2025_CWGS554_MDL55455_SV	224	chr7	142110977	142167990	DEL	1
25-54321_16Oct2025_CWGS554_MDL55455_SV	225	chr6	32442689	32500846	DEL	1
25-54321_16Oct2025_CWGS554_MDL55455_SV	226	chr17	21193701	21254800	DUP	3
25-54321_16Oct2025_CWGS554_MDL55455_SV	227	chr4	3550101	3612100	DUP	3
25-54321_16Oct2025_CWGS554_MDL55455_SV	228	chr6	32479583	32542127	DEL	1
25-54321_16Oct2025_CWGS554_MDL55455_SV	229	chr20	23683585	23746219	DEL	1
25-54321_16Oct2025_CWGS554_MDL55455_SV	230	chr6	32479630	32542480	DUP	3
25-54321_16Oct2025_CWGS554_MDL55455_SV	231	chrX	139157737	139221024	DUP	3
25-54321_16Oct2025_CWGS554_MDL55455_SV	232	chr15	22296801	22360400	DUP	3
25-54321_16Oct2025_CWGS554_MDL55455_SV	233	chr16	33912501	33980500	DUP	3
25-54321_16Oct2025_CWGS554_MDL55455_SV	234	chr16	25066236	25137415	DEL	1
25-54321_16Oct2025_CWGS554_MDL55455_SV	235	chr16	25066605	25137815	DUP	3
25-54321_16Oct2025_CWGS554_MDL55455_SV	236	chr7	142098232	142175093	DUP	3
25-54321_16Oct2025_CWGS554_MDL55455_SV	237	chr21	14338201	14417600	DUP	3
25-54321_16Oct2025_CWGS554_MDL55455_SV	238	chr14	106857588	106938162	DEL	1
25-54321_16Oct2025_CWGS554_MDL55455_SV	239	chr17	41383405	41466010	DEL	1
25-54321_16Oct2025_CWGS554_MDL55455_SV	240	chr3	75674801	75757600	DUP	3
25-54321_16Oct2025_CWGS554_MDL55455_SV	241	chr6	32450599	32538362	DEL	1
25-54321_16Oct2025_CWGS554_MDL55455_SV	242	chr5	744859	836145	DUP	3
25-54321_16Oct2025_CWGS554_MDL55455_SV	243	chr19	24055573	24150596	DEL	1
25-54321_16Oct2025_CWGS554_MDL55455_SV	244	chr19	24055943	24151100	DUP	3
25-54321_16Oct2025_CWGS554_MDL55455_SV	245	chr1	17176001	17275700	DUP	3
25-54321_16Oct2025_CWGS554_MDL55455_SV	246	chr6	57321701	57423100	DUP	3
25-54321_16Oct2025_CWGS554_MDL55455_SV	247	chr1	16875501	16977600	DUP	3
25-54321_16Oct2025_CWGS554_MDL55455_SV	248	chr20	29536101	29638800	DUP	3
25-54321_16Oct2025_CWGS554_MDL55455_SV	249	chr6	57429101	57533100	DUP	3
25-54321_16Oct2025_CWGS554_MDL55455_SV	250	chr16	21489401	21594500	DUP	3
25-54321_16Oct2025_CWGS554_MDL55455_SV	251	chr8	11788213	11893345	DUP	3
25-54321_16Oct2025_CWGS554_MDL55455_SV	252	chr3	195341817	195447803	DEL	1
25-54321_16Oct2025_CWGS554_MDL55455_SV	253	chr12	7951239	8058171	DEL	1
25-54321_16Oct2025_CWGS554_MDL55455_SV	254	chr4	70123801	70232400	DEL	1
25-54321_16Oct2025_CWGS554_MDL55455_SV	255	chr6	57205201	57316700	DUP	3
25-54321_16Oct2025_CWGS554_MDL55455_SV	256	chr1	17007001	17124200	DUP	3
25-54321_16Oct2025_CWGS554_MDL55455_SV	257	chr2	133001001	133120800	DUP	3
25-54321_16Oct2025_CWGS554_MDL55455_SV	258	chr14	106035908	106155883	DEL	1
25-54321_16Oct2025_CWGS554_MDL55455_SV	259	chr14	106046943	106166946	DUP	3
25-54321_16Oct2025_CWGS554_MDL55455_SV	260	chr21	9825501	9950500	DUP	3
25-54321_16Oct2025_CWGS554_MDL55455_SV	261	chr6	256501	382500	DUP	3
25-54321_16Oct2025_CWGS554_MDL55455_SV	262	chr11	68282623	68411478	DUP	3
25-54321_16Oct2025_CWGS554_MDL55455_SV	263	chr1	144962201	145093000	DUP	3
25-54321_16Oct2025_CWGS554_MDL55455_SV	264	chr13	29785400	29920707	DUP	3
25-54321_16Oct2025_CWGS554_MDL55455_SV	265	chr13	29786758	29922095	DUP	3
25-54321_16Oct2025_CWGS554_MDL55455_SV	266	chr19	23505743	23648649	DEL	1
25-54321_16Oct2025_CWGS554_MDL55455_SV	267	chr14	106082752	106227317	DUP	3
25-54321_16Oct2025_CWGS554_MDL55455_SV	268	chr19	23505743	23650985	DUP	3
25-54321_16Oct2025_CWGS554_MDL55455_SV	269	chr7	142099579	142247244	DEL	1
25-54321_16Oct2025_CWGS554_MDL55455_SV	270	chr19	23477308	23632181	DUP	3
25-54321_16Oct2025_CWGS554_MDL55455_SV	271	chr6	29765945	29922389	DUP	3
25-54321_16Oct2025_CWGS554_MDL55455_SV	272	chr19	43285651	43449383	DEL	1
25-54321_16Oct2025_CWGS554_MDL55455_SV	273	chr14	106650398	106842080	DUP	3
25-54321_16Oct2025_CWGS554_MDL55455_SV	274	chr16	22518801	22710800	DUP	3
25-54321_16Oct2025_CWGS554_MDL55455_SV	275	chr19	21756858	21954142	DEL	1
25-54321_16Oct2025_CWGS554_MDL55455_SV	276	chr10	46946801	47150300	DUP	3
25-54321_16Oct2025_CWGS554_MDL55455_SV	277	chr14	107038071	107263505	DUP	3
25-54321_16Oct2025_CWGS554_MDL55455_SV	278	chr14	107030113	107255970	DEL	1
25-54321_16Oct2025_CWGS554_MDL55455_SV	279	chr15	22362101	22591800	DUP	3
25-54321_16Oct2025_CWGS554_MDL55455_SV	280	chr22	22520323	22752585	DEL	1
25-54321_16Oct2025_CWGS554_MDL55455_SV	281	chr14	20186701	20425100	DUP	3
25-54321_16Oct2025_CWGS554_MDL55455_SV	282	chr14	106932640	107174927	DEL	1
25-54321_16Oct2025_CWGS554_MDL55455_SV	283	chr15	20385201	20634100	DUP	3
25-54321_16Oct2025_CWGS554_MDL55455_SV	284	chr22	25656613	25913583	DEL	1
25-54321_16Oct2025_CWGS554_MDL55455_SV	285	chr4	3903357	4176020	DEL	1
25-54321_16Oct2025_CWGS554_MDL55455_SV	286	chr16	34464501	34758000	DUP	3
25-54321_16Oct2025_CWGS554_MDL55455_SV	287	chr22	25684282	25980474	DEL	1
25-54321_16Oct2025_CWGS554_MDL55455_SV	288	chr22	25684706	25981288	DUP	3
25-54321_16Oct2025_CWGS554_MDL55455_SV	289	chr14	106471856	106774646	DUP	3
25-54321_16Oct2025_CWGS554_MDL55455_SV	290	chr16	32338601	32655900	DUP	3
25-54321_16Oct2025_CWGS554_MDL55455_SV	291	chr16	14881801	15199200	DUP	3
25-54321_16Oct2025_CWGS554_MDL55455_SV	292	chr16	33293701	33642200	DUP	3
25-54321_16Oct2025_CWGS554_MDL55455_SV	293	chr21	10770601	11188100	DUP	3
25-54321_16Oct2025_CWGS554_MDL55455_SV	294	chr14	106691490	107183115	DEL	1
25-54321_16Oct2025_CWGS554_MDL55455_SV	295	chr14	106691042	107182822	DUP	3
25-54321_16Oct2025_CWGS554_MDL55455_SV	296	chr19	20147972	21781460	DEL	1
25-54321_16Oct2025_CWGS554_MDL55455_SV	297	chr19	23632181	28306531	DEL	1
25-54321_16Oct2025_CWGS554_MDL55455_SV	298	chr19	23476758	28303995	DUP	3
25-54321_16Oct2025_CWGS554_MDL55455_SV	299	chr19	23485428	28313351	DUP	3
25-54321_16Oct2025_CWGS554_MDL55455_SV	300	chr19	23486771	28314860	DEL	1
25-54321_16Oct2025_CWGS554_MDL55455_SV	301	chr19	23481948	28310232	DUP	3
25-54321_16Oct2025_CWGS554_MDL55455_SV	302	chr19	23477943	28306531	DEL	1
25-54321_16Oct2025_CWGS554_MDL55455_SV	303	chr7	57490950	63372803	DEL	1
25-54321_16Oct2025_CWGS554_MDL55455_SV	304	chr11	48748646	54893066	DUP	3
25-54321_16Oct2025_CWGS554_MDL55455_SV	305	chr7	57477889	63635836	DUP	3
25-54321_16Oct2025_CWGS554_MDL55455_SV	306	chr7	57490950	63649209	DEL	1
25-54321_16Oct2025_CWGS554_MDL55455_SV	307	chr6	158548282	158549066	DEL	1
25-54321_16Oct2025_CWGS554_MDL55455_SV	308	chr16	70977799	70979890	DEL	1
25-54321_16Oct2025_CWGS554_MDL55455_SV	309	chr2	202146658	202149440	DEL	1
25-54321_16Oct2025_CWGS554_MDL55455_SV	310	chr7	76063701	76072300	DUP	3
25-54321_16Oct2025_CWGS554_MDL55455_SV	311	chr12	176101	186600	DUP	3
25-54321_16Oct2025_CWGS554_MDL55455_SV	312	chr16	55841201	55866100	DUP	3
25-54321_16Oct2025_CWGS554_MDL55455_SV	313	chr1	120548101	120631600	DUP	3
25-54321_16Oct2025_CWGS554_MDL55455_SV	314	chr13	114326001	114426000	DEL	1
25-54321_16Oct2025_CWGS554_MDL55455_SV	315	chr16	70881601	71203300	DUP	3
25-54321_16Oct2025_CWGS554_MDL55455_SV	316	chr1	120393297	147389651	DEL	1
25-54321_16Oct2025_CWGS554_MDL55455_SV	317	chr1	111957522	111957563	DEL	1
25-54321_16Oct2025_CWGS554_MDL55455_SV	318	chr3	195505761	195506159	DEL	1
25-54321_16Oct2025_CWGS554_MDL55455_SV	319	chr12	40877210	40877757	DEL	1
25-54321_16Oct2025_CWGS554_MDL55455_SV	320	chr11	1092801	1093505	DUP	3
25-54321_16Oct2025_CWGS554_MDL55455_SV	321	chr19	4511235	4511968	DUP	3
25-54321_16Oct2025_CWGS554_MDL55455_SV	322	chr11	1017466	1018364	DUP	3
25-54321_16Oct2025_CWGS554_MDL55455_SV	323	chr20	62596234	62597423	DEL	1
25-54321_16Oct2025_CWGS554_MDL55455_SV	324	chr11	1016583	1017955	DUP	3
25-54321_16Oct2025_CWGS554_MDL55455_SV	325	chr2	97873620	97875514	DEL	1
25-54321_16Oct2025_CWGS554_MDL55455_SV	326	chr12	40875974	40878987	DUP	3
25-54321_16Oct2025_CWGS554_MDL55455_SV	327	chr4	190983162	190986207	DEL	1
25-54321_16Oct2025_CWGS554_MDL55455_SV	328	chr1	16890829	16893933	DUP	3
25-54321_16Oct2025_CWGS554_MDL55455_SV	329	chr8	7622001	7626600	DUP	3
25-54321_16Oct2025_CWGS554_MDL55455_SV	330	chr14	20144801	20149700	DUP	3
25-54321_16Oct2025_CWGS554_MDL55455_SV	331	chr8	7627301	7632400	DEL	1
25-54321_16Oct2025_CWGS554_MDL55455_SV	332	chr3	195471101	195476400	DUP	3
25-54321_16Oct2025_CWGS554_MDL55455_SV	333	chr17	15541401	15546800	DEL	1
25-54321_16Oct2025_CWGS554_MDL55455_SV	334	chr6	31971701	31978100	DEL	1
25-54321_16Oct2025_CWGS554_MDL55455_SV	335	chr18	14804401	14811300	DEL	1
25-54321_16Oct2025_CWGS554_MDL55455_SV	336	chr12	8541708	8548670	DEL	1
25-54321_16Oct2025_CWGS554_MDL55455_SV	337	chr1	148353301	148360300	DUP	3
25-54321_16Oct2025_CWGS554_MDL55455_SV	338	chr2	91892901	91900000	DUP	3
25-54321_16Oct2025_CWGS554_MDL55455_SV	339	chr7	74546101	74553200	DUP	3
25-54321_16Oct2025_CWGS554_MDL55455_SV	340	chr22	16911201	16918800	DUP	3
25-54321_16Oct2025_CWGS554_MDL55455_SV	341	chr1	144586501	144594200	DUP	3
25-54321_16Oct2025_CWGS554_MDL55455_SV	342	chr17	16740501	16748200	DUP	3
25-54321_16Oct2025_CWGS554_MDL55455_SV	343	chr9	67332401	67340100	DUP	3
25-54321_16Oct2025_CWGS554_MDL55455_SV	344	chr19	40389101	40396900	DUP	3
25-54321_16Oct2025_CWGS554_MDL55455_SV	345	chr6	32482601	32490700	DEL	1
25-54321_16Oct2025_CWGS554_MDL55455_SV	346	chr7	76617401	76625500	DUP	3
25-54321_16Oct2025_CWGS554_MDL55455_SV	347	chr2	97826801	97835800	DUP	3
25-54321_16Oct2025_CWGS554_MDL55455_SV	348	chr6	29902040	29911216	DEL	1
25-54321_16Oct2025_CWGS554_MDL55455_SV	349	chr2	114341801	114351000	DUP	3
25-54321_16Oct2025_CWGS554_MDL55455_SV	350	chr22	18774001	18783200	DUP	3
25-54321_16Oct2025_CWGS554_MDL55455_SV	351	chr6	29902134	29911468	DUP	3
25-54321_16Oct2025_CWGS554_MDL55455_SV	352	chr7	143219801	143229700	DUP	3
25-54321_16Oct2025_CWGS554_MDL55455_SV	353	chr9	68725101	68735300	DUP	3
25-54321_16Oct2025_CWGS554_MDL55455_SV	354	chrY	13546701	13557000	DEL	1
25-54321_16Oct2025_CWGS554_MDL55455_SV	355	chr7	76675801	76686600	DUP	3
25-54321_16Oct2025_CWGS554_MDL55455_SV	356	chr3	195381401	195392300	DEL	1
25-54321_16Oct2025_CWGS554_MDL55455_SV	357	chr9	69376601	69387700	DUP	3
25-54321_16Oct2025_CWGS554_MDL55455_SV	358	chr16	71901	83100	DEL	1
25-54321_16Oct2025_CWGS554_MDL55455_SV	359	chr17	44617801	44629100	DUP	3
25-54321_16Oct2025_CWGS554_MDL55455_SV	360	chr2	96516801	96528100	DUP	3
25-54321_16Oct2025_CWGS554_MDL55455_SV	361	chr7	64589801	64601500	DUP	3
25-54321_16Oct2025_CWGS554_MDL55455_SV	362	chr19	8998799	9010765	DUP	3
25-54321_16Oct2025_CWGS554_MDL55455_SV	363	chr16	18557301	18569300	DUP	3
25-54321_16Oct2025_CWGS554_MDL55455_SV	364	chr10	81462401	81474500	DUP	3
25-54321_16Oct2025_CWGS554_MDL55455_SV	365	chr7	100607201	100619400	DUP	3
25-54321_16Oct2025_CWGS554_MDL55455_SV	366	chr2	96596801	96609100	DUP	3
25-54321_16Oct2025_CWGS554_MDL55455_SV	367	chr15	21147301	21160100	DUP	3
25-54321_16Oct2025_CWGS554_MDL55455_SV	368	chr2	90191201	90204800	DUP	3
25-54321_16Oct2025_CWGS554_MDL55455_SV	369	chr17	18730901	18745100	DEL	1
25-54321_16Oct2025_CWGS554_MDL55455_SV	370	chr7	143947501	143962200	DUP	3
25-54321_16Oct2025_CWGS554_MDL55455_SV	371	chr17	18507201	18523100	DUP	3
25-54321_16Oct2025_CWGS554_MDL55455_SV	372	chr9	43847101	43863000	DUP	3
25-54321_16Oct2025_CWGS554_MDL55455_SV	373	chr14	19689701	19705900	DUP	3
25-54321_16Oct2025_CWGS554_MDL55455_SV	374	chr22	21814601	21831100	DEL	1
25-54321_16Oct2025_CWGS554_MDL55455_SV	375	chr1	145360701	145377700	DUP	3
25-54321_16Oct2025_CWGS554_MDL55455_SV	376	chr15	21181001	21198500	DUP	3
25-54321_16Oct2025_CWGS554_MDL55455_SV	377	chr1	12931801	12950000	DUP	3
25-54321_16Oct2025_CWGS554_MDL55455_SV	378	chr15	20635001	20653200	DUP	3
25-54321_16Oct2025_CWGS554_MDL55455_SV	379	chr17	21303101	21321300	DUP	3
25-54321_16Oct2025_CWGS554_MDL55455_SV	380	chr2	98139801	98158400	DEL	1
25-54321_16Oct2025_CWGS554_MDL55455_SV	381	chr8	7234101	7252800	DUP	3
25-54321_16Oct2025_CWGS554_MDL55455_SV	382	chr1	143749801	143768600	DUP	3
25-54321_16Oct2025_CWGS554_MDL55455_SV	383	chr5	34178601	34197400	DUP	3
25-54321_16Oct2025_CWGS554_MDL55455_SV	384	chr22	16940701	16959700	DUP	3
25-54321_16Oct2025_CWGS554_MDL55455_SV	385	chr5	21478201	21497300	DUP	3
25-54321_16Oct2025_CWGS554_MDL55455_SV	386	chr11	89593101	89613000	DUP	3
25-54321_16Oct2025_CWGS554_MDL55455_SV	387	chr9	70914501	70934500	DUP	3
25-54321_16Oct2025_CWGS554_MDL55455_SV	388	chr12	64701	85200	DUP	3
25-54321_16Oct2025_CWGS554_MDL55455_SV	389	chrY	13356801	13377600	DEL	1
25-54321_16Oct2025_CWGS554_MDL55455_SV	390	chr1	206560601	206583300	DUP	3
25-54321_16Oct2025_CWGS554_MDL55455_SV	391	chr8	7205401	7228100	DUP	3
25-54321_16Oct2025_CWGS554_MDL55455_SV	392	chr1	13195601	13219900	DUP	3
25-54321_16Oct2025_CWGS554_MDL55455_SV	393	chr21	9950701	9975700	DUP	3
25-54321_16Oct2025_CWGS554_MDL55455_SV	394	chr9	43133201	43158700	DUP	3
25-54321_16Oct2025_CWGS554_MDL55455_SV	395	chr1	145991601	146017200	DUP	3
25-54321_16Oct2025_CWGS554_MDL55455_SV	396	chr1	143143901	143169700	DUP	3
25-54321_16Oct2025_CWGS554_MDL55455_SV	397	chr8	8062101	8087900	DEL	1
25-54321_16Oct2025_CWGS554_MDL55455_SV	398	chr1	144594701	144621600	DUP	3
25-54321_16Oct2025_CWGS554_MDL55455_SV	399	chr1	121108401	121136100	DUP	3
25-54321_16Oct2025_CWGS554_MDL55455_SV	400	chr1	147998001	148026000	DUP	3
25-54321_16Oct2025_CWGS554_MDL55455_SV	401	chr21	14417801	14447300	DUP	3
25-54321_16Oct2025_CWGS554_MDL55455_SV	402	chr1	149273101	149303200	DUP	3
25-54321_16Oct2025_CWGS554_MDL55455_SV	403	chr9	67949601	67980700	DUP	3
25-54321_16Oct2025_CWGS554_MDL55455_SV	404	chr16	32150501	32182100	DUP	3
25-54321_16Oct2025_CWGS554_MDL55455_SV	405	chr1	149720501	149752200	DUP	3
25-54321_16Oct2025_CWGS554_MDL55455_SV	406	chr9	41936101	41968300	DUP	3
25-54321_16Oct2025_CWGS554_MDL55455_SV	407	chr3	195418501	195450800	DUP	3
25-54321_16Oct2025_CWGS554_MDL55455_SV	408	chr14	19375401	19408100	DUP	3
25-54321_16Oct2025_CWGS554_MDL55455_SV	409	chr1	142692901	142726400	DUP	3
25-54321_16Oct2025_CWGS554_MDL55455_SV	410	chr8	7046001	7080900	DEL	1
25-54321_16Oct2025_CWGS554_MDL55455_SV	411	chr16	33778701	33813800	DUP	3
25-54321_16Oct2025_CWGS554_MDL55455_SV	412	chr14	19857101	19895000	DUP	3
25-54321_16Oct2025_CWGS554_MDL55455_SV	413	chr22	16282101	16325100	DUP	3
25-54321_16Oct2025_CWGS554_MDL55455_SV	414	chr15	84835001	84880100	DUP	3
25-54321_16Oct2025_CWGS554_MDL55455_SV	415	chr2	97860401	97906100	DUP	3
25-54321_16Oct2025_CWGS554_MDL55455_SV	416	chr9	43580801	43628700	DEL	1
25-54321_16Oct2025_CWGS554_MDL55455_SV	417	chr8	12202201	12251300	DEL	1
25-54321_16Oct2025_CWGS554_MDL55455_SV	418	chr20	61091401	61141400	DEL	1
25-54321_16Oct2025_CWGS554_MDL55455_SV	419	chr5	138787101	138837100	DEL	1
25-54321_16Oct2025_CWGS554_MDL55455_SV	420	chr9	139167001	139217000	DEL	1
25-54321_16Oct2025_CWGS554_MDL55455_SV	421	chr2	243102201	243152500	DEL	1
25-54321_16Oct2025_CWGS554_MDL55455_SV	422	chr1	267201	317900	DEL	1
25-54321_16Oct2025_CWGS554_MDL55455_SV	423	chr2	92126701	92177600	DUP	3
25-54321_16Oct2025_CWGS554_MDL55455_SV	424	chr7	100554885	100606047	DEL	1
25-54321_16Oct2025_CWGS554_MDL55455_SV	425	chr16	32029401	32082900	DUP	3
25-54321_16Oct2025_CWGS554_MDL55455_SV	426	chr22	21564701	21621100	DUP	3
25-54321_16Oct2025_CWGS554_MDL55455_SV	427	chr3	195667616	195727714	DUP	3
25-54321_16Oct2025_CWGS554_MDL55455_SV	428	chr8	12394901	12456200	DUP	3
25-54321_16Oct2025_CWGS554_MDL55455_SV	429	chr16	1	63400	DEL	1
25-54321_16Oct2025_CWGS554_MDL55455_SV	430	chr1	149368701	149434000	DEL	1
25-54321_16Oct2025_CWGS554_MDL55455_SV	431	chr16	32216801	32285800	DUP	3
25-54321_16Oct2025_CWGS554_MDL55455_SV	432	chr9	67246001	67315200	DUP	3
25-54321_16Oct2025_CWGS554_MDL55455_SV	433	chr16	32816001	32890600	DUP	3
25-54321_16Oct2025_CWGS554_MDL55455_SV	434	chr14	19766101	19842800	DUP	3
25-54321_16Oct2025_CWGS554_MDL55455_SV	435	chr17	16657201	16739200	DUP	3
25-54321_16Oct2025_CWGS554_MDL55455_SV	436	chr9	66454801	66541000	DUP	3
25-54321_16Oct2025_CWGS554_MDL55455_SV	437	chr2	131315901	131402400	DUP	3
25-54321_16Oct2025_CWGS554_MDL55455_SV	438	chr1	143402601	143491200	DUP	3
25-54321_16Oct2025_CWGS554_MDL55455_SV	439	chr8	12085101	12175000	DEL	1
25-54321_16Oct2025_CWGS554_MDL55455_SV	440	chr16	15206201	15303400	DUP	3
25-54321_16Oct2025_CWGS554_MDL55455_SV	441	chr21	10114001	10215900	DUP	3
25-54321_16Oct2025_CWGS554_MDL55455_SV	442	chr1	148844201	148954400	DUP	3
25-54321_16Oct2025_CWGS554_MDL55455_SV	443	chr17	18347601	18465800	DEL	1
25-54321_16Oct2025_CWGS554_MDL55455_SV	444	chr17	36284201	36406200	DUP	3
25-54321_16Oct2025_CWGS554_MDL55455_SV	445	chr1	142560301	142683800	DUP	3
25-54321_16Oct2025_CWGS554_MDL55455_SV	446	chr1	143906201	144074000	DUP	3
25-54321_16Oct2025_CWGS554_MDL55455_SV	447	chr2	91903301	92077500	DUP	3
25-54321_16Oct2025_CWGS554_MDL55455_SV	448	chr1	145097101	145308500	DUP	3
25-54321_16Oct2025_CWGS554_MDL55455_SV	449	chr1	144672601	144894200	DUP	3
25-54321_16Oct2025_CWGS554_MDL55455_SV	450	chr21	10366001	10647900	DUP	3
25-54321_16Oct2025_CWGS554_MDL55455_SV	451	chr21	11098094	14744400	DEL	1
25-54321_16Oct2025_CWGS554_MDL55455_SV	452	chr10	38560671	42891739	DUP	3
25-54321_16Oct2025_CWGS554_MDL55455_SV	756	chr1	161498451	161580088	DUP	3
25-54321_16Oct2025_CWGS554_MDL55455_SV	757	chr19	41355812	41387555	DEL	1
25-54321_16Oct2025_CWGS554_MDL55455_SV	758	chr2	130954939	130957387	DEL	1
25-54321_16Oct2025_CWGS554_MDL55455_SV	759	chr7	141765418	141794499	DEL	1
25-54321_16Oct2025_CWGS554_MDL55455_SV	760	chr2	179315141	179315692	DEL	1
25-54321_16Oct2025_CWGS554_MDL55455_SV	761	chr9	140772669	140773504	DEL	1
25-54321_16Oct2025_CWGS554_MDL55455_SV	762	chr15	52816162	52817050	DUP	3
25-54321_16Oct2025_CWGS554_MDL55455_SV	763	chr9	140773612	140777194	DEL	1
25-54321_16Oct2025_CWGS554_MDL55455_SV	764	chr1	108733325	108737251	DEL	1
25-54321_16Oct2025_CWGS554_MDL55455_SV	765	chr6	32526232	32552713	DUP	3
25-54321_16Oct2025_CWGS554_MDL55455_SV	766	chr6	32630976	32727739	DEL	1
25-54321_16Oct2025_CWGS554_MDL55455_SV	767	chr6	32633351	32730238	DEL	1
25-54321_16Oct2025_CWGS554_MDL55455_SV	768	chr6	32615878	32719083	DEL	1
25-54321_16Oct2025_CWGS554_MDL55455_SV	769	chr6	32607504	32711416	DEL	1
25-54321_16Oct2025_CWGS554_MDL55455_SV	770	chr7	128139704	128639758	DEL	1
25-54321_16Oct2025_CWGS554_MDL55455_SV	771	chr19	55671153	55671187	DEL	1
25-54321_16Oct2025_CWGS554_MDL55455_SV	772	chr1	16376518	16386334	DUP	3
25-54321_16Oct2025_CWGS554_MDL55455_SV	773	chr1	1430876	1469254	DEL	1
25-54321_16Oct2025_CWGS554_MDL55455_SV	774	chr6	32496614	32556241	DUP	3
25-54321_16Oct2025_CWGS554_MDL55455_SV	775	chr6	32492557	32552763	DEL	1
25-54321_16Oct2025_CWGS554_MDL55455_SV	776	chr6	32633394	32730286	DUP	3
25-54321_16Oct2025_CWGS554_MDL55455_SV	777	chr6	32631207	32728115	DUP	3
25-54321_16Oct2025_CWGS554_MDL55455_SV	778	chr6	32630889	32727820	DUP	3
25-54321_16Oct2025_CWGS554_MDL55455_SV	779	chr6	32632275	32729209	DUP	3
25-54321_16Oct2025_CWGS554_MDL55455_SV	780	chr6	32630167	32727102	DUP	3
25-54321_16Oct2025_CWGS554_MDL55455_SV	781	chr6	32620140	32719330	DUP	3
25-54321_16Oct2025_CWGS554_MDL55455_SV	782	chr1	225133309	225248392	DUP	3
25-54321_16Oct2025_CWGS554_MDL55455_SV	783	chr1	180509361	181044088	DEL	1
25-54321_16Oct2025_CWGS554_MDL55455_SV	784	chr10	98163499	99460042	DEL	1
25-54321_16Oct2025_CWGS554_MDL55455_SV	785	chr13	99187598	103337710	DUP	3
25-54321_16Oct2025_CWGS554_MDL55455_SV	786	chr17	15723603	20541426	DEL	1
25-54321_16Oct2025_CWGS554_MDL55455_SV	787	chr17	15723210	20541256	DUP	3
25-54321_16Oct2025_CWGS554_MDL55455_SV	788	chr7	66194506	73382111	DEL	1
25-54321_16Oct2025_CWGS554_MDL55455_SV	789	chr7	66193572	73382119	DUP	3
25-54321_16Oct2025_CWGS554_MDL55455_SV	790	chr3	104283985	111654634	DEL	1
25-54321_16Oct2025_CWGS554_MDL55455_SV	791	chrX	119430625	127802045	DUP	3
25-54321_16Oct2025_CWGS554_MDL55455_SV	792	chr2	89077388	97834823	DUP	3
25-54321_16Oct2025_CWGS554_MDL55455_SV	793	chr2	123358248	133027869	DUP	3
25-54321_16Oct2025_CWGS554_MDL55455_SV	794	chr2	123358248	133028851	DUP	3
25-54321_16Oct2025_CWGS554_MDL55455_SV	795	chr7	26975709	36756373	DEL	1
25-54321_16Oct2025_CWGS554_MDL55455_SV	796	chr18	62884128	75877220	DEL	1
25-54321_16Oct2025_CWGS554_MDL55455_SV	797	chr14	84171181	100123232	DEL	1
25-54321_16Oct2025_CWGS554_MDL55455_SV	798	chr2	133028278	155433806	DUP	3
25-54321_16Oct2025_CWGS554_MDL55455_SV	799	chr16	33958690	60761327	DEL	1
25-54321_16Oct2025_CWGS554_MDL55455_SV	800	chr16	33958697	60761391	DUP	3
25-54321_16Oct2025_CWGS554_MDL55455_SV	801	chr7	72355089	102009660	DUP	3
25-54321_16Oct2025_CWGS554_MDL55455_SV	802	chr1	112713484	150403123	DEL	1
25-54321_16Oct2025_CWGS554_MDL55455_SV	803	chr18	27577080	67607714	DEL	1
25-54321_16Oct2025_CWGS554_MDL55455_SV	804	chr19	15473210	58657893	DEL	1
25-54321_16Oct2025_CWGS554_MDL55455_SV	805	chr3	75463357	129799474	DEL	1
25-54321_16Oct2025_CWGS554_MDL55455_SV	806	chr8	21374809	80848503	DEL	1
25-54321_16Oct2025_CWGS554_MDL55455_SV	807	chr11	3464241	67593029	DEL	1
25-54321_16Oct2025_CWGS554_MDL55455_SV	808	chr1	159738494	224528378	DEL	1
25-54321_16Oct2025_CWGS554_MDL55455_SV	809	chr3	33010436	112024101	DEL	1
25-54321_16Oct2025_CWGS554_MDL55455_SV	810	chr10	6509393	98561333	DEL	1
25-54321_16Oct2025_CWGS554_MDL55455_SV	811	chr12	34372631	127650987	DUP	3
25-54321_16Oct2025_CWGS554_MDL55455_SV	812	chr12	34372607	127650987	DUP	3
25-54321_16Oct2025_CWGS554_MDL55455_SV	813	chr2	133038630	230045624	DUP	3
25-54321_16Oct2025_CWGS554_MDL55455_SV	814	chr6	67315800	167478534	DUP	3
25-54321_16Oct2025_CWGS554_MDL55455_SV	815	chr7	37712339	158101956	DEL	1
25-54321_16Oct2025_CWGS554_MDL55455_SV	816	chr2	7352601	133032754	DUP	3
25-54321_16Oct2025_CWGS554_MDL55455_SV	817	chr2	17472761	208963326	DUP	3
25-54321_16Oct2025_CWGS554_MDL55455_SV	818	chr1	822444	227710261	DUP	3
25-54321_16Oct2025_CWGS554_MDL55455_SV	819	chr21	46930865	46930934	DEL	1
25-54321_16Oct2025_CWGS554_MDL55455_SV	820	chr1	247597258	247597349	DEL	1
25-54321_16Oct2025_CWGS554_MDL55455_SV	821	chr10	135104815	135105936	DEL	1
25-54321_16Oct2025_CWGS554_MDL55455_SV	822	chr9	140772668	140777194	DEL	1
25-54321_16Oct2025_CWGS554_MDL55455_SV	823	chr15	100686979	100693180	DEL	1
25-54321_16Oct2025_CWGS554_MDL55455_SV	824	chr15	100686924	100693158	DUP	3
25-54321_16Oct2025_CWGS554_MDL55455_SV	825	chr1	16376517	16386257	DEL	1
25-54321_16Oct2025_CWGS554_MDL55455_SV	826	chr6	3156802	3180412	DEL	1
25-54321_16Oct2025_CWGS554_MDL55455_SV	827	chr8	143959247	143997175	DEL	1
25-54321_16Oct2025_CWGS554_MDL55455_SV	828	chr4	69446564	69542021	DEL	1
25-54321_16Oct2025_CWGS554_MDL55455_SV	829	chr1	225133655	225248663	DEL	1
25-54321_16Oct2025_CWGS554_MDL55455_SV	830	chr14	37631609	37771227	DEL	1
25-54321_16Oct2025_CWGS554_MDL55455_SV	831	chr10	135242504	135387342	DUP	3
25-54321_16Oct2025_CWGS554_MDL55455_SV	832	chr19	4005348	4159437	DEL	1
25-54321_16Oct2025_CWGS554_MDL55455_SV	833	chr4	86017	367133	DEL	1
25-54321_16Oct2025_CWGS554_MDL55455_SV	834	chr5	141011866	141579477	DEL	1
25-54321_16Oct2025_CWGS554_MDL55455_SV	835	chr5	141011634	141579328	DUP	3
25-54321_16Oct2025_CWGS554_MDL55455_SV	836	chr13	23507755	24929927	DEL	1
25-54321_16Oct2025_CWGS554_MDL55455_SV	837	chr9	93670595	96381175	DUP	3
25-54321_16Oct2025_CWGS554_MDL55455_SV	838	chrX	52892001	55678954	DEL	1
25-54321_16Oct2025_CWGS554_MDL55455_SV	839	chrX	52886720	55678959	DUP	3
25-54321_16Oct2025_CWGS554_MDL55455_SV	840	chrX	65919835	84129997	DUP	3
25-54321_16Oct2025_CWGS554_MDL55455_SV	841	chr12	9558855	31271236	DEL	1
25-54321_16Oct2025_CWGS554_MDL55455_SV	842	chr12	9548771	31263811	DUP	3
25-54321_16Oct2025_CWGS554_MDL55455_SV	843	chr6	119558705	143003852	DEL	1
25-54321_16Oct2025_CWGS554_MDL55455_SV	844	chr2	133038291	230045486	DEL	1
25-54321_16Oct2025_CWGS554_MDL55455_SV	845	chr9	140777201	140785700	DUP	3
25-54321_16Oct2025_CWGS554_MDL55455_SV	846	chr16	28609901	28625400	DUP	3
25-54321_16Oct2025_CWGS554_MDL55455_SV	847	chr16	15343701	16327100	DUP	3
25-54321_16Oct2025_CWGS554_MDL55455_SV	848	chr16	84501438	84504115	DEL	1
25-54321_16Oct2025_CWGS554_MDL55455_SV	849	chr19	51330500	51333892	DEL	1
25-54321_16Oct2025_CWGS554_MDL55455_SV	850	chr6	165724669	165732132	DEL	1
25-54321_16Oct2025_CWGS554_MDL55455_SV	851	chr17	39421768	39432136	DEL	1
25-54321_16Oct2025_CWGS554_MDL55455_SV	852	chr1	152555541	152587761	DEL	1
25-54321_16Oct2025_CWGS554_MDL55455_SV	853	chr20	1561099	1594132	DEL	1
25-54321_16Oct2025_CWGS554_MDL55455_SV	854	chr22	24274144	24311297	DEL	1
25-54321_16Oct2025_CWGS554_MDL55455_SV	855	chr5	140554179	140559292	DUP	3
25-54321_16Oct2025_CWGS554_MDL55455_SV	856	chr3	195454856	195462135	DUP	3
25-54321_16Oct2025_CWGS554_MDL55455_SV	857	chr7	38392407	38401695	DEL	1
25-54321_16Oct2025_CWGS554_MDL55455_SV	858	chr14	106372876	106382405	DEL	1
25-54321_16Oct2025_CWGS554_MDL55455_SV	859	chr6	35754560	35766788	DUP	3
25-54321_16Oct2025_CWGS554_MDL55455_SV	860	chr17	45115934	45133313	DEL	1
25-54321_16Oct2025_CWGS554_MDL55455_SV	861	chr19	54724473	54744306	DUP	3
25-54321_16Oct2025_CWGS554_MDL55455_SV	862	chr7	142462982	142484065	DEL	1
25-54321_16Oct2025_CWGS554_MDL55455_SV	863	chr14	106782061	106807088	DUP	3
25-54321_16Oct2025_CWGS554_MDL55455_SV	864	chr12	11203207	11231775	DUP	3
25-54321_16Oct2025_CWGS554_MDL55455_SV	865	chr12	11207686	11237373	DUP	3
25-54321_16Oct2025_CWGS554_MDL55455_SV	866	chr12	11166439	11221579	DUP	3
25-54321_16Oct2025_CWGS554_MDL55455_SV	867	chr12	11167744	11222990	DUP	3
25-54321_16Oct2025_CWGS554_MDL55455_SV	868	chr1	1588479	1653774	DEL	1
25-54321_16Oct2025_CWGS554_MDL55455_SV	869	chr12	11205530	11277022	DUP	3
25-54321_16Oct2025_CWGS554_MDL55455_SV	870	chr10	133954117	133954151	DEL	1
25-54321_16Oct2025_CWGS554_MDL55455_SV	871	chr15	75129859	75129914	DEL	1
25-54321_16Oct2025_CWGS554_MDL55455_SV	872	chr2	169403995	169404054	DEL	1
25-54321_16Oct2025_CWGS554_MDL55455_SV	873	chr12	10741657	10741741	DEL	1
25-54321_16Oct2025_CWGS554_MDL55455_SV	874	chr17	39346462	39346595	DEL	1
25-54321_16Oct2025_CWGS554_MDL55455_SV	875	chr15	43093361	43093516	DEL	1
25-54321_16Oct2025_CWGS554_MDL55455_SV	876	chr7	149575929	149576094	DEL	1
25-54321_16Oct2025_CWGS554_MDL55455_SV	877	chr9	139427524	139427795	DEL	1
25-54321_16Oct2025_CWGS554_MDL55455_SV	878	chr11	7716915	7717219	DEL	1
25-54321_16Oct2025_CWGS554_MDL55455_SV	879	chr8	6587843	6588150	DEL	1
25-54321_16Oct2025_CWGS554_MDL55455_SV	880	chr19	56041836	56042147	DEL	1
25-54321_16Oct2025_CWGS554_MDL55455_SV	881	chr3	75787261	75787739	DEL	1
25-54321_16Oct2025_CWGS554_MDL55455_SV	882	chr19	6387618	6388175	DEL	1
25-54321_16Oct2025_CWGS554_MDL55455_SV	883	chr12	93894805	93895679	DEL	1
25-54321_16Oct2025_CWGS554_MDL55455_SV	884	chr14	105417233	105418175	DEL	1
25-54321_16Oct2025_CWGS554_MDL55455_SV	885	chr22	35645166	35646139	DEL	1
25-54321_16Oct2025_CWGS554_MDL55455_SV	886	chr15	23685006	23686014	DUP	3
25-54321_16Oct2025_CWGS554_MDL55455_SV	887	chr11	93021139	93022160	DEL	1
25-54321_16Oct2025_CWGS554_MDL55455_SV	888	chr12	93894556	93895672	DUP	3
25-54321_16Oct2025_CWGS554_MDL55455_SV	889	chr17	45214728	45216106	DEL	1
25-54321_16Oct2025_CWGS554_MDL55455_SV	890	chr6	136597611	136599000	DEL	1
25-54321_16Oct2025_CWGS554_MDL55455_SV	891	chr17	45219800	45221251	DEL	1
25-54321_16Oct2025_CWGS554_MDL55455_SV	892	chrX	55185662	55187568	DEL	1
25-54321_16Oct2025_CWGS554_MDL55455_SV	893	chr22	24025618	24027538	DEL	1
25-54321_16Oct2025_CWGS554_MDL55455_SV	894	chr19	42352491	42354570	DEL	1
25-54321_16Oct2025_CWGS554_MDL55455_SV	895	chr2	102967162	102969288	DEL	1
25-54321_16Oct2025_CWGS554_MDL55455_SV	896	chr14	105415372	105417748	DEL	1
25-54321_16Oct2025_CWGS554_MDL55455_SV	897	chr1	89475940	89478606	DEL	1
25-54321_16Oct2025_CWGS554_MDL55455_SV	898	chr11	400501	403200	DEL	1
25-54321_16Oct2025_CWGS554_MDL55455_SV	899	chr11	47644331	47647227	DEL	1
25-54321_16Oct2025_CWGS554_MDL55455_SV	900	chr17	45216257	45219231	DEL	1
25-54321_16Oct2025_CWGS554_MDL55455_SV	901	chr10	46219101	46222300	DUP	3
25-54321_16Oct2025_CWGS554_MDL55455_SV	902	chr10	126683206	126686566	DEL	1
25-54321_16Oct2025_CWGS554_MDL55455_SV	903	chr17	45214723	45219225	DEL	1
25-54321_16Oct2025_CWGS554_MDL55455_SV	904	chr10	126686738	126691528	DEL	1
25-54321_16Oct2025_CWGS554_MDL55455_SV	905	chr17	45216245	45221251	DEL	1
25-54321_16Oct2025_CWGS554_MDL55455_SV	906	chr19	54555554	54560642	DEL	1
25-54321_16Oct2025_CWGS554_MDL55455_SV	907	chr18	14182101	14187600	DUP	3
25-54321_16Oct2025_CWGS554_MDL55455_SV	908	chr1	144901180	144906809	DEL	1
25-54321_16Oct2025_CWGS554_MDL55455_SV	909	chr11	48367528	48373693	DEL	1
25-54321_16Oct2025_CWGS554_MDL55455_SV	910	chr7	142042001	142048200	DUP	3
25-54321_16Oct2025_CWGS554_MDL55455_SV	911	chr3	197843929	197850166	DEL	1
25-54321_16Oct2025_CWGS554_MDL55455_SV	912	chr4	190813508	190820048	DEL	1
25-54321_16Oct2025_CWGS554_MDL55455_SV	913	chr6	136582615	136589299	DEL	1
25-54321_16Oct2025_CWGS554_MDL55455_SV	914	chr17	45259006	45266510	DEL	1
25-54321_16Oct2025_CWGS554_MDL55455_SV	915	chr17	21212907	21221182	DEL	1
25-54321_16Oct2025_CWGS554_MDL55455_SV	916	chr10	126683180	126691528	DEL	1
25-54321_16Oct2025_CWGS554_MDL55455_SV	917	chr9	130892701	130901100	DUP	3
25-54321_16Oct2025_CWGS554_MDL55455_SV	918	chr16	72088761	72097270	DEL	1
25-54321_16Oct2025_CWGS554_MDL55455_SV	919	chr5	837201	846000	DUP	3
25-54321_16Oct2025_CWGS554_MDL55455_SV	920	chr1	144896296	144906809	DEL	1
25-54321_16Oct2025_CWGS554_MDL55455_SV	921	chr15	22373079	22383651	DEL	1
25-54321_16Oct2025_CWGS554_MDL55455_SV	922	chr10	124343401	124354100	DEL	1
25-54321_16Oct2025_CWGS554_MDL55455_SV	923	chr9	33793001	33804100	DUP	3
25-54321_16Oct2025_CWGS554_MDL55455_SV	924	chr14	107087352	107099104	DEL	1
25-54321_16Oct2025_CWGS554_MDL55455_SV	925	chr14	107087235	107099283	DUP	3
25-54321_16Oct2025_CWGS554_MDL55455_SV	926	chr11	56465901	56478300	DUP	3
25-54321_16Oct2025_CWGS554_MDL55455_SV	927	chrX	55172747	55185571	DEL	1
25-54321_16Oct2025_CWGS554_MDL55455_SV	928	chr11	183801	196800	DUP	3
25-54321_16Oct2025_CWGS554_MDL55455_SV	929	chr1	12842901	12856300	DUP	3
25-54321_16Oct2025_CWGS554_MDL55455_SV	930	chr10	127574401	127589100	DUP	3
25-54321_16Oct2025_CWGS554_MDL55455_SV	931	chrX	55172746	55187568	DEL	1
25-54321_16Oct2025_CWGS554_MDL55455_SV	932	chr11	48373701	48388900	DUP	3
25-54321_16Oct2025_CWGS554_MDL55455_SV	933	chr12	10581501	10597000	DEL	1
25-54321_16Oct2025_CWGS554_MDL55455_SV	934	chr19	52133801	52149700	DEL	1
25-54321_16Oct2025_CWGS554_MDL55455_SV	935	chr17	39578921	39595260	DEL	1
25-54321_16Oct2025_CWGS554_MDL55455_SV	936	chr12	58220883	58240153	DEL	1
25-54321_16Oct2025_CWGS554_MDL55455_SV	937	chr19	54723860	54743497	DEL	1
25-54321_16Oct2025_CWGS554_MDL55455_SV	938	chr7	142108683	142128809	DUP	3
25-54321_16Oct2025_CWGS554_MDL55455_SV	939	chr6	29365128	29385608	DEL	1
25-54321_16Oct2025_CWGS554_MDL55455_SV	940	chr11	18963938	18986225	DEL	1
25-54321_16Oct2025_CWGS554_MDL55455_SV	941	chr1	153043218	153066133	DEL	1
25-54321_16Oct2025_CWGS554_MDL55455_SV	942	chr1	153043687	153066687	DUP	3
25-54321_16Oct2025_CWGS554_MDL55455_SV	943	chr12	11192447	11218061	DEL	1
25-54321_16Oct2025_CWGS554_MDL55455_SV	944	chr7	142197406	142223732	DUP	3
25-54321_16Oct2025_CWGS554_MDL55455_SV	945	chr16	55795501	55822600	DEL	1
25-54321_16Oct2025_CWGS554_MDL55455_SV	946	chr19	53391213	53418357	DUP	3
25-54321_16Oct2025_CWGS554_MDL55455_SV	947	chr11	48340101	48367900	DUP	3
25-54321_16Oct2025_CWGS554_MDL55455_SV	948	chr19	53602444	53632175	DEL	1
25-54321_16Oct2025_CWGS554_MDL55455_SV	949	chr11	49839362	49874040	DUP	3
25-54321_16Oct2025_CWGS554_MDL55455_SV	950	chr10	126691672	126727567	DEL	1
25-54321_16Oct2025_CWGS554_MDL55455_SV	951	chr6	32490930	32526885	DEL	1
25-54321_16Oct2025_CWGS554_MDL55455_SV	952	chr19	53323669	53359732	DUP	3
25-54321_16Oct2025_CWGS554_MDL55455_SV	953	chr4	32501	68700	DUP	3
25-54321_16Oct2025_CWGS554_MDL55455_SV	954	chr6	32478561	32514912	DUP	3
25-54321_16Oct2025_CWGS554_MDL55455_SV	955	chr7	142133735	142170770	DUP	3
25-54321_16Oct2025_CWGS554_MDL55455_SV	956	chrY	13490701	13527800	DEL	1
25-54321_16Oct2025_CWGS554_MDL55455_SV	957	chr3	75757901	75795100	DUP	3
25-54321_16Oct2025_CWGS554_MDL55455_SV	958	chr19	53941414	53978864	DUP	3
25-54321_16Oct2025_CWGS554_MDL55455_SV	959	chr19	53946032	53983587	DUP	3
25-54321_16Oct2025_CWGS554_MDL55455_SV	960	chr14	106531801	106569600	DEL	1
25-54321_16Oct2025_CWGS554_MDL55455_SV	961	chr6	32469462	32507644	DEL	1
25-54321_16Oct2025_CWGS554_MDL55455_SV	962	chr6	32470975	32509244	DUP	3
25-54321_16Oct2025_CWGS554_MDL55455_SV	963	chr15	20840001	20878900	DUP	3
25-54321_16Oct2025_CWGS554_MDL55455_SV	964	chr6	52650885	52691455	DUP	3
25-54321_16Oct2025_CWGS554_MDL55455_SV	965	chr3	97859894	97902338	DEL	1
25-54321_16Oct2025_CWGS554_MDL55455_SV	966	chr3	97859656	97902340	DUP	3
25-54321_16Oct2025_CWGS554_MDL55455_SV	967	chr6	32495988	32539032	DUP	3
25-54321_16Oct2025_CWGS554_MDL55455_SV	968	chr3	129763382	129806745	DEL	1
25-54321_16Oct2025_CWGS554_MDL55455_SV	969	chr14	106090737	106134538	DUP	3
25-54321_16Oct2025_CWGS554_MDL55455_SV	970	chr1	248155593	248202616	DUP	3
25-54321_16Oct2025_CWGS554_MDL55455_SV	971	chr1	248154498	248202416	DEL	1
25-54321_16Oct2025_CWGS554_MDL55455_SV	972	chr22	24344101	24397400	DEL	1
25-54321_16Oct2025_CWGS554_MDL55455_SV	973	chr9	68385301	68439900	DUP	3
25-54321_16Oct2025_CWGS554_MDL55455_SV	974	chr1	144906801	144961700	DUP	3
25-54321_16Oct2025_CWGS554_MDL55455_SV	975	chr6	29856797	29911711	DUP	3
25-54321_16Oct2025_CWGS554_MDL55455_SV	976	chr12	11167970	11223009	DEL	1
25-54321_16Oct2025_CWGS554_MDL55455_SV	977	chr12	11169849	11225403	DEL	1
25-54321_16Oct2025_CWGS554_MDL55455_SV	978	chr7	142109117	142166037	DEL	1
25-54321_16Oct2025_CWGS554_MDL55455_SV	979	chr7	142110977	142167990	DEL	1
25-54321_16Oct2025_CWGS554_MDL55455_SV	980	chr6	32442689	32500846	DEL	1
25-54321_16Oct2025_CWGS554_MDL55455_SV	981	chr17	21193701	21254800	DUP	3
25-54321_16Oct2025_CWGS554_MDL55455_SV	982	chr4	3550101	3612100	DUP	3
25-54321_16Oct2025_CWGS554_MDL55455_SV	983	chr6	32479583	32542127	DEL	1
25-54321_16Oct2025_CWGS554_MDL55455_SV	984	chr20	23683585	23746219	DEL	1
25-54321_16Oct2025_CWGS554_MDL55455_SV	985	chr6	32479630	32542480	DUP	3
25-54321_16Oct2025_CWGS554_MDL55455_SV	986	chrX	139157737	139221024	DUP	3
25-54321_16Oct2025_CWGS554_MDL55455_SV	987	chr15	22296801	22360400	DUP	3
25-54321_16Oct2025_CWGS554_MDL55455_SV	988	chr16	33912501	33980500	DUP	3
25-54321_16Oct2025_CWGS554_MDL55455_SV	989	chr16	25066236	25137415	DEL	1
25-54321_16Oct2025_CWGS554_MDL55455_SV	990	chr16	25066605	25137815	DUP	3
25-54321_16Oct2025_CWGS554_MDL55455_SV	991	chr7	142098232	142175093	DUP	3
25-54321_16Oct2025_CWGS554_MDL55455_SV	992	chr21	14338201	14417600	DUP	3
25-54321_16Oct2025_CWGS554_MDL55455_SV	993	chr14	106857588	106938162	DEL	1
25-54321_16Oct2025_CWGS554_MDL55455_SV	994	chr17	41383405	41466010	DEL	1
25-54321_16Oct2025_CWGS554_MDL55455_SV	995	chr3	75674801	75757600	DUP	3
25-54321_16Oct2025_CWGS554_MDL55455_SV	996	chr6	32450599	32538362	DEL	1
25-54321_16Oct2025_CWGS554_MDL55455_SV	997	chr5	744859	836145	DUP	3
25-54321_16Oct2025_CWGS554_MDL55455_SV	998	chr19	24055573	24150596	DEL	1
25-54321_16Oct2025_CWGS554_MDL55455_SV	999	chr19	24055943	24151100	DUP	3
25-54321_16Oct2025_CWGS554_MDL55455_SV	1000	chr1	17176001	17275700	DUP	3
25-54321_16Oct2025_CWGS554_MDL55455_SV	1001	chr6	57321701	57423100	DUP	3
25-54321_16Oct2025_CWGS554_MDL55455_SV	1002	chr1	16875501	16977600	DUP	3
25-54321_16Oct2025_CWGS554_MDL55455_SV	1003	chr20	29536101	29638800	DUP	3
25-54321_16Oct2025_CWGS554_MDL55455_SV	1004	chr6	57429101	57533100	DUP	3
25-54321_16Oct2025_CWGS554_MDL55455_SV	1005	chr16	21489401	21594500	DUP	3
25-54321_16Oct2025_CWGS554_MDL55455_SV	1006	chr8	11788213	11893345	DUP	3
25-54321_16Oct2025_CWGS554_MDL55455_SV	1007	chr3	195341817	195447803	DEL	1
25-54321_16Oct2025_CWGS554_MDL55455_SV	1008	chr12	7951239	8058171	DEL	1
25-54321_16Oct2025_CWGS554_MDL55455_SV	1009	chr4	70123801	70232400	DEL	1
25-54321_16Oct2025_CWGS554_MDL55455_SV	1010	chr6	57205201	57316700	DUP	3
25-54321_16Oct2025_CWGS554_MDL55455_SV	1011	chr1	17007001	17124200	DUP	3
25-54321_16Oct2025_CWGS554_MDL55455_SV	1012	chr2	133001001	133120800	DUP	3
25-54321_16Oct2025_CWGS554_MDL55455_SV	1013	chr14	106035908	106155883	DEL	1
25-54321_16Oct2025_CWGS554_MDL55455_SV	1014	chr14	106046943	106166946	DUP	3
25-54321_16Oct2025_CWGS554_MDL55455_SV	1015	chr21	9825501	9950500	DUP	3
25-54321_16Oct2025_CWGS554_MDL55455_SV	1016	chr6	256501	382500	DUP	3
25-54321_16Oct2025_CWGS554_MDL55455_SV	1017	chr11	68282623	68411478	DUP	3
25-54321_16Oct2025_CWGS554_MDL55455_SV	1018	chr1	144962201	145093000	DUP	3
25-54321_16Oct2025_CWGS554_MDL55455_SV	1019	chr13	29785400	29920707	DUP	3
25-54321_16Oct2025_CWGS554_MDL55455_SV	1020	chr13	29786758	29922095	DUP	3
25-54321_16Oct2025_CWGS554_MDL55455_SV	1021	chr19	23505743	23648649	DEL	1
25-54321_16Oct2025_CWGS554_MDL55455_SV	1022	chr14	106082752	106227317	DUP	3
25-54321_16Oct2025_CWGS554_MDL55455_SV	1023	chr19	23505743	23650985	DUP	3
25-54321_16Oct2025_CWGS554_MDL55455_SV	1024	chr7	142099579	142247244	DEL	1
25-54321_16Oct2025_CWGS554_MDL55455_SV	1025	chr19	23477308	23632181	DUP	3
25-54321_16Oct2025_CWGS554_MDL55455_SV	1026	chr6	29765945	29922389	DUP	3
25-54321_16Oct2025_CWGS554_MDL55455_SV	1027	chr19	43285651	43449383	DEL	1
25-54321_16Oct2025_CWGS554_MDL55455_SV	1028	chr14	106650398	106842080	DUP	3
25-54321_16Oct2025_CWGS554_MDL55455_SV	1029	chr16	22518801	22710800	DUP	3
25-54321_16Oct2025_CWGS554_MDL55455_SV	1030	chr19	21756858	21954142	DEL	1
25-54321_16Oct2025_CWGS554_MDL55455_SV	1031	chr10	46946801	47150300	DUP	3
25-54321_16Oct2025_CWGS554_MDL55455_SV	1032	chr14	107038071	107263505	DUP	3
25-54321_16Oct2025_CWGS554_MDL55455_SV	1033	chr14	107030113	107255970	DEL	1
25-54321_16Oct2025_CWGS554_MDL55455_SV	1034	chr15	22362101	22591800	DUP	3
25-54321_16Oct2025_CWGS554_MDL55455_SV	1035	chr22	22520323	22752585	DEL	1
25-54321_16Oct2025_CWGS554_MDL55455_SV	1036	chr14	20186701	20425100	DUP	3
25-54321_16Oct2025_CWGS554_MDL55455_SV	1037	chr14	106932640	107174927	DEL	1
25-54321_16Oct2025_CWGS554_MDL55455_SV	1038	chr15	20385201	20634100	DUP	3
25-54321_16Oct2025_CWGS554_MDL55455_SV	1039	chr22	25656613	25913583	DEL	1
25-54321_16Oct2025_CWGS554_MDL55455_SV	1040	chr4	3903357	4176020	DEL	1
25-54321_16Oct2025_CWGS554_MDL55455_SV	1041	chr16	34464501	34758000	DUP	3
25-54321_16Oct2025_CWGS554_MDL55455_SV	1042	chr22	25684282	25980474	DEL	1
25-54321_16Oct2025_CWGS554_MDL55455_SV	1043	chr22	25684706	25981288	DUP	3
25-54321_16Oct2025_CWGS554_MDL55455_SV	1044	chr14	106471856	106774646	DUP	3
25-54321_16Oct2025_CWGS554_MDL55455_SV	1045	chr16	32338601	32655900	DUP	3
25-54321_16Oct2025_CWGS554_MDL55455_SV	1046	chr16	14881801	15199200	DUP	3
25-54321_16Oct2025_CWGS554_MDL55455_SV	1047	chr16	33293701	33642200	DUP	3
25-54321_16Oct2025_CWGS554_MDL55455_SV	1048	chr21	10770601	11188100	DUP	3
25-54321_16Oct2025_CWGS554_MDL55455_SV	1049	chr14	106691490	107183115	DEL	1
25-54321_16Oct2025_CWGS554_MDL55455_SV	1050	chr14	106691042	107182822	DUP	3
25-54321_16Oct2025_CWGS554_MDL55455_SV	1051	chr19	20147972	21781460	DEL	1
25-54321_16Oct2025_CWGS554_MDL55455_SV	1052	chr19	23632181	28306531	DEL	1
25-54321_16Oct2025_CWGS554_MDL55455_SV	1053	chr19	23476758	28303995	DUP	3
25-54321_16Oct2025_CWGS554_MDL55455_SV	1054	chr19	23485428	28313351	DUP	3
25-54321_16Oct2025_CWGS554_MDL55455_SV	1055	chr19	23486771	28314860	DEL	1
25-54321_16Oct2025_CWGS554_MDL55455_SV	1056	chr19	23481948	28310232	DUP	3
25-54321_16Oct2025_CWGS554_MDL55455_SV	1057	chr19	23477943	28306531	DEL	1
25-54321_16Oct2025_CWGS554_MDL55455_SV	1058	chr7	57490950	63372803	DEL	1
25-54321_16Oct2025_CWGS554_MDL55455_SV	1059	chr11	48748646	54893066	DUP	3
25-54321_16Oct2025_CWGS554_MDL55455_SV	1060	chr7	57477889	63635836	DUP	3
25-54321_16Oct2025_CWGS554_MDL55455_SV	1061	chr7	57490950	63649209	DEL	1
25-54321_16Oct2025_CWGS554_MDL55455_SV	1062	chr6	158548282	158549066	DEL	1
25-54321_16Oct2025_CWGS554_MDL55455_SV	1063	chr16	70977799	70979890	DEL	1
25-54321_16Oct2025_CWGS554_MDL55455_SV	1064	chr2	202146658	202149440	DEL	1
25-54321_16Oct2025_CWGS554_MDL55455_SV	1065	chr7	76063701	76072300	DUP	3
25-54321_16Oct2025_CWGS554_MDL55455_SV	1066	chr12	176101	186600	DUP	3
25-54321_16Oct2025_CWGS554_MDL55455_SV	1067	chr16	55841201	55866100	DUP	3
25-54321_16Oct2025_CWGS554_MDL55455_SV	1068	chr1	120548101	120631600	DUP	3
25-54321_16Oct2025_CWGS554_MDL55455_SV	1069	chr13	114326001	114426000	DEL	1
25-54321_16Oct2025_CWGS554_MDL55455_SV	1070	chr16	70881601	71203300	DUP	3
25-54321_16Oct2025_CWGS554_MDL55455_SV	1071	chr1	120393297	147389651	DEL	1
25-54321_16Oct2025_CWGS554_MDL55455_SV	1072	chr1	111957522	111957563	DEL	1
25-54321_16Oct2025_CWGS554_MDL55455_SV	1073	chr3	195505761	195506159	DEL	1
25-54321_16Oct2025_CWGS554_MDL55455_SV	1074	chr12	40877210	40877757	DEL	1
25-54321_16Oct2025_CWGS554_MDL55455_SV	1075	chr11	1092801	1093505	DUP	3
25-54321_16Oct2025_CWGS554_MDL55455_SV	1076	chr19	4511235	4511968	DUP	3
25-54321_16Oct2025_CWGS554_MDL55455_SV	1077	chr11	1017466	1018364	DUP	3
25-54321_16Oct2025_CWGS554_MDL55455_SV	1078	chr20	62596234	62597423	DEL	1
25-54321_16Oct2025_CWGS554_MDL55455_SV	1079	chr11	1016583	1017955	DUP	3
25-54321_16Oct2025_CWGS554_MDL55455_SV	1080	chr2	97873620	97875514	DEL	1
25-54321_16Oct2025_CWGS554_MDL55455_SV	1081	chr12	40875974	40878987	DUP	3
25-54321_16Oct2025_CWGS554_MDL55455_SV	1082	chr4	190983162	190986207	DEL	1
25-54321_16Oct2025_CWGS554_MDL55455_SV	1083	chr1	16890829	16893933	DUP	3
25-54321_16Oct2025_CWGS554_MDL55455_SV	1084	chr8	7622001	7626600	DUP	3
25-54321_16Oct2025_CWGS554_MDL55455_SV	1085	chr14	20144801	20149700	DUP	3
25-54321_16Oct2025_CWGS554_MDL55455_SV	1086	chr8	7627301	7632400	DEL	1
25-54321_16Oct2025_CWGS554_MDL55455_SV	1087	chr3	195471101	195476400	DUP	3
25-54321_16Oct2025_CWGS554_MDL55455_SV	1088	chr17	15541401	15546800	DEL	1
25-54321_16Oct2025_CWGS554_MDL55455_SV	1089	chr6	31971701	31978100	DEL	1
25-54321_16Oct2025_CWGS554_MDL55455_SV	1090	chr18	14804401	14811300	DEL	1
25-54321_16Oct2025_CWGS554_MDL55455_SV	1091	chr12	8541708	8548670	DEL	1
25-54321_16Oct2025_CWGS554_MDL55455_SV	1092	chr1	148353301	148360300	DUP	3
25-54321_16Oct2025_CWGS554_MDL55455_SV	1093	chr2	91892901	91900000	DUP	3
25-54321_16Oct2025_CWGS554_MDL55455_SV	1094	chr7	74546101	74553200	DUP	3
25-54321_16Oct2025_CWGS554_MDL55455_SV	1095	chr22	16911201	16918800	DUP	3
25-54321_16Oct2025_CWGS554_MDL55455_SV	1096	chr1	144586501	144594200	DUP	3
25-54321_16Oct2025_CWGS554_MDL55455_SV	1097	chr17	16740501	16748200	DUP	3
25-54321_16Oct2025_CWGS554_MDL55455_SV	1098	chr9	67332401	67340100	DUP	3
25-54321_16Oct2025_CWGS554_MDL55455_SV	1099	chr19	40389101	40396900	DUP	3
25-54321_16Oct2025_CWGS554_MDL55455_SV	1100	chr6	32482601	32490700	DEL	1
25-54321_16Oct2025_CWGS554_MDL55455_SV	1101	chr7	76617401	76625500	DUP	3
25-54321_16Oct2025_CWGS554_MDL55455_SV	1102	chr2	97826801	97835800	DUP	3
25-54321_16Oct2025_CWGS554_MDL55455_SV	1103	chr6	29902040	29911216	DEL	1
25-54321_16Oct2025_CWGS554_MDL55455_SV	1104	chr2	114341801	114351000	DUP	3
25-54321_16Oct2025_CWGS554_MDL55455_SV	1105	chr22	18774001	18783200	DUP	3
25-54321_16Oct2025_CWGS554_MDL55455_SV	1106	chr6	29902134	29911468	DUP	3
25-54321_16Oct2025_CWGS554_MDL55455_SV	1107	chr7	143219801	143229700	DUP	3
25-54321_16Oct2025_CWGS554_MDL55455_SV	1108	chr9	68725101	68735300	DUP	3
25-54321_16Oct2025_CWGS554_MDL55455_SV	1109	chrY	13546701	13557000	DEL	1
25-54321_16Oct2025_CWGS554_MDL55455_SV	1110	chr7	76675801	76686600	DUP	3
25-54321_16Oct2025_CWGS554_MDL55455_SV	1111	chr3	195381401	195392300	DEL	1
25-54321_16Oct2025_CWGS554_MDL55455_SV	1112	chr9	69376601	69387700	DUP	3
25-54321_16Oct2025_CWGS554_MDL55455_SV	1113	chr16	71901	83100	DEL	1
25-54321_16Oct2025_CWGS554_MDL55455_SV	1114	chr17	44617801	44629100	DUP	3
25-54321_16Oct2025_CWGS554_MDL55455_SV	1115	chr2	96516801	96528100	DUP	3
25-54321_16Oct2025_CWGS554_MDL55455_SV	1116	chr7	64589801	64601500	DUP	3
25-54321_16Oct2025_CWGS554_MDL55455_SV	1117	chr19	8998799	9010765	DUP	3
25-54321_16Oct2025_CWGS554_MDL55455_SV	1118	chr16	18557301	18569300	DUP	3
25-54321_16Oct2025_CWGS554_MDL55455_SV	1119	chr10	81462401	81474500	DUP	3
25-54321_16Oct2025_CWGS554_MDL55455_SV	1120	chr7	100607201	100619400	DUP	3
25-54321_16Oct2025_CWGS554_MDL55455_SV	1121	chr2	96596801	96609100	DUP	3
25-54321_16Oct2025_CWGS554_MDL55455_SV	1122	chr15	21147301	21160100	DUP	3
25-54321_16Oct2025_CWGS554_MDL55455_SV	1123	chr2	90191201	90204800	DUP	3
25-54321_16Oct2025_CWGS554_MDL55455_SV	1124	chr17	18730901	18745100	DEL	1
25-54321_16Oct2025_CWGS554_MDL55455_SV	1125	chr7	143947501	143962200	DUP	3
25-54321_16Oct2025_CWGS554_MDL55455_SV	1126	chr17	18507201	18523100	DUP	3
25-54321_16Oct2025_CWGS554_MDL55455_SV	1127	chr9	43847101	43863000	DUP	3
25-54321_16Oct2025_CWGS554_MDL55455_SV	1128	chr14	19689701	19705900	DUP	3
25-54321_16Oct2025_CWGS554_MDL55455_SV	1129	chr22	21814601	21831100	DEL	1
25-54321_16Oct2025_CWGS554_MDL55455_SV	1130	chr1	145360701	145377700	DUP	3
25-54321_16Oct2025_CWGS554_MDL55455_SV	1131	chr15	21181001	21198500	DUP	3
25-54321_16Oct2025_CWGS554_MDL55455_SV	1132	chr1	12931801	12950000	DUP	3
25-54321_16Oct2025_CWGS554_MDL55455_SV	1133	chr15	20635001	20653200	DUP	3
25-54321_16Oct2025_CWGS554_MDL55455_SV	1134	chr17	21303101	21321300	DUP	3
25-54321_16Oct2025_CWGS554_MDL55455_SV	1135	chr2	98139801	98158400	DEL	1
25-54321_16Oct2025_CWGS554_MDL55455_SV	1136	chr8	7234101	7252800	DUP	3
25-54321_16Oct2025_CWGS554_MDL55455_SV	1137	chr1	143749801	143768600	DUP	3
25-54321_16Oct2025_CWGS554_MDL55455_SV	1138	chr5	34178601	34197400	DUP	3
25-54321_16Oct2025_CWGS554_MDL55455_SV	1139	chr22	16940701	16959700	DUP	3
25-54321_16Oct2025_CWGS554_MDL55455_SV	1140	chr5	21478201	21497300	DUP	3
25-54321_16Oct2025_CWGS554_MDL55455_SV	1141	chr11	89593101	89613000	DUP	3
25-54321_16Oct2025_CWGS554_MDL55455_SV	1142	chr9	70914501	70934500	DUP	3
25-54321_16Oct2025_CWGS554_MDL55455_SV	1143	chr12	64701	85200	DUP	3
25-54321_16Oct2025_CWGS554_MDL55455_SV	1144	chrY	13356801	13377600	DEL	1
25-54321_16Oct2025_CWGS554_MDL55455_SV	1145	chr1	206560601	206583300	DUP	3
25-54321_16Oct2025_CWGS554_MDL55455_SV	1146	chr8	7205401	7228100	DUP	3
25-54321_16Oct2025_CWGS554_MDL55455_SV	1147	chr1	13195601	13219900	DUP	3
25-54321_16Oct2025_CWGS554_MDL55455_SV	1148	chr21	9950701	9975700	DUP	3
25-54321_16Oct2025_CWGS554_MDL55455_SV	1149	chr9	43133201	43158700	DUP	3
25-54321_16Oct2025_CWGS554_MDL55455_SV	1150	chr1	145991601	146017200	DUP	3
25-54321_16Oct2025_CWGS554_MDL55455_SV	1151	chr1	143143901	143169700	DUP	3
25-54321_16Oct2025_CWGS554_MDL55455_SV	1152	chr8	8062101	8087900	DEL	1
25-54321_16Oct2025_CWGS554_MDL55455_SV	1153	chr1	144594701	144621600	DUP	3
25-54321_16Oct2025_CWGS554_MDL55455_SV	1154	chr1	121108401	121136100	DUP	3
25-54321_16Oct2025_CWGS554_MDL55455_SV	1155	chr1	147998001	148026000	DUP	3
25-54321_16Oct2025_CWGS554_MDL55455_SV	1156	chr21	14417801	14447300	DUP	3
25-54321_16Oct2025_CWGS554_MDL55455_SV	1157	chr1	149273101	149303200	DUP	3
25-54321_16Oct2025_CWGS554_MDL55455_SV	1158	chr9	67949601	67980700	DUP	3
25-54321_16Oct2025_CWGS554_MDL55455_SV	1159	chr16	32150501	32182100	DUP	3
25-54321_16Oct2025_CWGS554_MDL55455_SV	1160	chr1	149720501	149752200	DUP	3
25-54321_16Oct2025_CWGS554_MDL55455_SV	1161	chr9	41936101	41968300	DUP	3
25-54321_16Oct2025_CWGS554_MDL55455_SV	1162	chr3	195418501	195450800	DUP	3
25-54321_16Oct2025_CWGS554_MDL55455_SV	1163	chr14	19375401	19408100	DUP	3
25-54321_16Oct2025_CWGS554_MDL55455_SV	1164	chr1	142692901	142726400	DUP	3
25-54321_16Oct2025_CWGS554_MDL55455_SV	1165	chr8	7046001	7080900	DEL	1
25-54321_16Oct2025_CWGS554_MDL55455_SV	1166	chr16	33778701	33813800	DUP	3
25-54321_16Oct2025_CWGS554_MDL55455_SV	1167	chr14	19857101	19895000	DUP	3
25-54321_16Oct2025_CWGS554_MDL55455_SV	1168	chr22	16282101	16325100	DUP	3
25-54321_16Oct2025_CWGS554_MDL55455_SV	1169	chr15	84835001	84880100	DUP	3
25-54321_16Oct2025_CWGS554_MDL55455_SV	1170	chr2	97860401	97906100	DUP	3
25-54321_16Oct2025_CWGS554_MDL55455_SV	1171	chr9	43580801	43628700	DEL	1
25-54321_16Oct2025_CWGS554_MDL55455_SV	1172	chr8	12202201	12251300	DEL	1
25-54321_16Oct2025_CWGS554_MDL55455_SV	1173	chr20	61091401	61141400	DEL	1
25-54321_16Oct2025_CWGS554_MDL55455_SV	1174	chr5	138787101	138837100	DEL	1
25-54321_16Oct2025_CWGS554_MDL55455_SV	1175	chr9	139167001	139217000	DEL	1
25-54321_16Oct2025_CWGS554_MDL55455_SV	1176	chr2	243102201	243152500	DEL	1
25-54321_16Oct2025_CWGS554_MDL55455_SV	1177	chr1	267201	317900	DEL	1
25-54321_16Oct2025_CWGS554_MDL55455_SV	1178	chr2	92126701	92177600	DUP	3
25-54321_16Oct2025_CWGS554_MDL55455_SV	1179	chr7	100554885	100606047	DEL	1
25-54321_16Oct2025_CWGS554_MDL55455_SV	1180	chr16	32029401	32082900	DUP	3
25-54321_16Oct2025_CWGS554_MDL55455_SV	1181	chr22	21564701	21621100	DUP	3
25-54321_16Oct2025_CWGS554_MDL55455_SV	1182	chr3	195667616	195727714	DUP	3
25-54321_16Oct2025_CWGS554_MDL55455_SV	1183	chr8	12394901	12456200	DUP	3
25-54321_16Oct2025_CWGS554_MDL55455_SV	1184	chr16	1	63400	DEL	1
25-54321_16Oct2025_CWGS554_MDL55455_SV	1185	chr1	149368701	149434000	DEL	1
25-54321_16Oct2025_CWGS554_MDL55455_SV	1186	chr16	32216801	32285800	DUP	3
25-54321_16Oct2025_CWGS554_MDL55455_SV	1187	chr9	67246001	67315200	DUP	3
25-54321_16Oct2025_CWGS554_MDL55455_SV	1188	chr16	32816001	32890600	DUP	3
25-54321_16Oct2025_CWGS554_MDL55455_SV	1189	chr14	19766101	19842800	DUP	3
25-54321_16Oct2025_CWGS554_MDL55455_SV	1190	chr17	16657201	16739200	DUP	3
25-54321_16Oct2025_CWGS554_MDL55455_SV	1191	chr9	66454801	66541000	DUP	3
25-54321_16Oct2025_CWGS554_MDL55455_SV	1192	chr2	131315901	131402400	DUP	3
25-54321_16Oct2025_CWGS554_MDL55455_SV	1193	chr1	143402601	143491200	DUP	3
25-54321_16Oct2025_CWGS554_MDL55455_SV	1194	chr8	12085101	12175000	DEL	1
25-54321_16Oct2025_CWGS554_MDL55455_SV	1195	chr16	15206201	15303400	DUP	3
25-54321_16Oct2025_CWGS554_MDL55455_SV	1196	chr21	10114001	10215900	DUP	3
25-54321_16Oct2025_CWGS554_MDL55455_SV	1197	chr1	148844201	148954400	DUP	3
25-54321_16Oct2025_CWGS554_MDL55455_SV	1198	chr17	18347601	18465800	DEL	1
25-54321_16Oct2025_CWGS554_MDL55455_SV	1199	chr17	36284201	36406200	DUP	3
25-54321_16Oct2025_CWGS554_MDL55455_SV	1200	chr1	142560301	142683800	DUP	3
25-54321_16Oct2025_CWGS554_MDL55455_SV	1201	chr1	143906201	144074000	DUP	3
25-54321_16Oct2025_CWGS554_MDL55455_SV	1202	chr2	91903301	92077500	DUP	3
25-54321_16Oct2025_CWGS554_MDL55455_SV	1203	chr1	145097101	145308500	DUP	3
25-54321_16Oct2025_CWGS554_MDL55455_SV	1204	chr1	144672601	144894200	DUP	3
25-54321_16Oct2025_CWGS554_MDL55455_SV	1205	chr21	10366001	10647900	DUP	3
25-54321_16Oct2025_CWGS554_MDL55455_SV	1206	chr21	11098094	14744400	DEL	1
25-54321_16Oct2025_CWGS554_MDL55455_SV	1207	chr10	38560671	42891739	DUP	3
ARRAY001	453	chr18	33275598	40930641	LOSS	1
ARRAY001	1208	chr18	33275598	40930641	LOSS	1
ARRAY002	454	chr20	150801646	156329678	DUP	3
ARRAY002	1209	chr20	150801646	156329678	DUP	3
ARRAY003	455	chr4	26189779	30154069	DUP	3
ARRAY003	1210	chr4	26189779	30154069	DUP	3
ARRAY004	456	chr21	26680917	40692965	GAIN	3
ARRAY004	1211	chr21	26680917	40692965	GAIN	3
ARRAY005	457	chr12	146253940	157097338	LOSS	1
ARRAY005	1212	chr12	146253940	157097338	LOSS	1
ARRAY006	458	chr11	65482526	67620178	DUP	3
ARRAY006	1213	chr11	65482526	67620178	DUP	3
ARRAY007	459	chr5	34994497	44082808	LOSS	1
ARRAY007	1214	chr5	34994497	44082808	LOSS	1
ARRAY008	460	chr6	71334049	72238158	DUP	3
ARRAY008	1215	chr6	71334049	72238158	DUP	3
ARRAY009	461	chr17	59571808	69916588	DEL	1
ARRAY009	1216	chr17	59571808	69916588	DEL	1
ARRAY010	462	chrX	119167856	120425825	DEL	1
ARRAY010	1217	chrX	119167856	120425825	DEL	1
ARRAY011	463	chr20	142520266	147492829	GAIN	3
ARRAY011	1218	chr20	142520266	147492829	GAIN	3
ARRAY012	464	chr8	111182235	116893563	GAIN	3
ARRAY012	1219	chr8	111182235	116893563	GAIN	3
ARRAY013	465	chr3	23014821	24603962	GAIN	3
ARRAY013	1220	chr3	23014821	24603962	GAIN	3
ARRAY014	466	chr12	178700985	191313665	GAIN	3
ARRAY014	1221	chr12	178700985	191313665	GAIN	3
ARRAY015	467	chr16	60295272	74535185	DEL	1
ARRAY015	1222	chr16	60295272	74535185	DEL	1
ARRAY016	468	chr22	186252254	190764282	DEL	1
ARRAY016	1223	chr22	186252254	190764282	DEL	1
ARRAY017	469	chrY	170065816	170605156	DEL	1
ARRAY017	1224	chrY	170065816	170605156	DEL	1
ARRAY018	470	chr20	22905481	37750503	DEL	1
ARRAY018	1225	chr20	22905481	37750503	DEL	1
ARRAY019	471	chr9	57966353	70657197	DEL	1
ARRAY019	1226	chr9	57966353	70657197	DEL	1
ARRAY020	472	chr13	160980069	161924157	DEL	1
ARRAY020	1227	chr13	160980069	161924157	DEL	1
ARRAY021	473	chr5	102161158	111121407	DUP	3
ARRAY021	1228	chr5	102161158	111121407	DUP	3
ARRAY022	474	chr19	115335123	124980173	GAIN	3
ARRAY022	1229	chr19	115335123	124980173	GAIN	3
ARRAY023	475	chr14	28517419	32624592	GAIN	3
ARRAY023	1230	chr14	28517419	32624592	GAIN	3
ARRAY024	476	chr17	170079952	172018001	DUP	3
ARRAY024	1231	chr17	170079952	172018001	DUP	3
ARRAY025	477	chr7	46673289	56804866	DUP	3
ARRAY025	1232	chr7	46673289	56804866	DUP	3
ARRAY026	478	chr19	172701805	183385342	LOSS	1
ARRAY026	1233	chr19	172701805	183385342	LOSS	1
ARRAY027	479	chr17	20015403	25248182	GAIN	3
ARRAY027	1234	chr17	20015403	25248182	GAIN	3
ARRAY028	480	chr19	148898166	162207664	DEL	1
ARRAY028	1235	chr19	148898166	162207664	DEL	1
ARRAY029	481	chrX	22736928	31226855	DUP	3
ARRAY029	1236	chrX	22736928	31226855	DUP	3
ARRAY030	482	chr11	182340218	192396078	DEL	1
ARRAY030	1237	chr11	182340218	192396078	DEL	1
ARRAY031	483	chr3	156527947	167686510	DUP	3
ARRAY031	1238	chr3	156527947	167686510	DUP	3
ARRAY032	484	chr13	172836406	186143289	LOSS	1
ARRAY032	1239	chr13	172836406	186143289	LOSS	1
ARRAY033	485	chr7	91833077	104712045	GAIN	3
ARRAY033	1240	chr7	91833077	104712045	GAIN	3
ARRAY034	486	chr11	205804131	216197978	DUP	3
ARRAY034	1241	chr11	205804131	216197978	DUP	3
ARRAY035	487	chr12	181659788	193757432	DUP	3
ARRAY035	1242	chr12	181659788	193757432	DUP	3
ARRAY036	488	chr7	98841554	110246654	GAIN	3
ARRAY036	1243	chr7	98841554	110246654	GAIN	3
ARRAY037	489	chr21	129107571	143797819	LOSS	1
ARRAY037	1244	chr21	129107571	143797819	LOSS	1
ARRAY038	490	chr17	39653602	53621252	GAIN	3
ARRAY038	1245	chr17	39653602	53621252	GAIN	3
ARRAY039	491	chr13	22005792	28320782	DUP	3
ARRAY039	1246	chr13	22005792	28320782	DUP	3
ARRAY040	492	chr5	203799870	215661802	GAIN	3
ARRAY040	1247	chr5	203799870	215661802	GAIN	3
ARRAY041	493	chr10	63891063	68968541	DEL	1
ARRAY041	1248	chr10	63891063	68968541	DEL	1
ARRAY042	494	chr17	154463127	158547175	DUP	3
ARRAY042	1249	chr17	154463127	158547175	DUP	3
ARRAY043	495	chr12	18267529	27118341	DEL	1
ARRAY043	1250	chr12	18267529	27118341	DEL	1
ARRAY044	496	chrY	176490118	187055520	DEL	1
ARRAY044	1251	chrY	176490118	187055520	DEL	1
ARRAY045	497	chr6	217934750	220222200	DEL	1
ARRAY045	1252	chr6	217934750	220222200	DEL	1
ARRAY046	498	chr16	68098396	68737790	DUP	3
ARRAY046	1253	chr16	68098396	68737790	DUP	3
ARRAY047	499	chr11	50248364	58598272	GAIN	3
ARRAY047	1254	chr11	50248364	58598272	GAIN	3
ARRAY048	500	chr10	86324537	88070844	DEL	1
ARRAY048	1255	chr10	86324537	88070844	DEL	1
ARRAY049	501	chr2	195202753	209824554	LOSS	1
ARRAY049	1256	chr2	195202753	209824554	LOSS	1
ARRAY050	502	chr17	215142563	227748763	DUP	3
ARRAY050	1257	chr17	215142563	227748763	DUP	3
ARRAY051	503	chr13	152368575	152936910	DUP	3
ARRAY051	1258	chr13	152368575	152936910	DUP	3
ARRAY052	504	chr21	74910215	79123003	DEL	1
ARRAY052	1259	chr21	74910215	79123003	DEL	1
ARRAY053	505	chr20	76758958	88427021	GAIN	3
ARRAY053	1260	chr20	76758958	88427021	GAIN	3
ARRAY054	506	chr12	190565824	191680320	LOSS	1
ARRAY054	1261	chr12	190565824	191680320	LOSS	1
ARRAY055	507	chr7	212718510	215073477	DUP	3
ARRAY055	1262	chr7	212718510	215073477	DUP	3
ARRAY056	508	chr10	106980254	119033403	GAIN	3
ARRAY056	1263	chr10	106980254	119033403	GAIN	3
ARRAY057	509	chr18	171843374	181729786	DUP	3
ARRAY057	1264	chr18	171843374	181729786	DUP	3
ARRAY058	510	chr6	86713584	98639202	DUP	3
ARRAY058	1265	chr6	86713584	98639202	DUP	3
ARRAY059	511	chr18	25179496	33636274	DUP	3
ARRAY059	1266	chr18	25179496	33636274	DUP	3
ARRAY060	512	chr3	12303559	23090366	LOSS	1
ARRAY060	1267	chr3	12303559	23090366	LOSS	1
ARRAY061	513	chr8	216106831	229676904	GAIN	3
ARRAY061	1268	chr8	216106831	229676904	GAIN	3
ARRAY062	514	chr5	84008224	98486545	LOSS	1
ARRAY062	1269	chr5	84008224	98486545	LOSS	1
ARRAY063	515	chr4	71898881	79466850	DUP	3
ARRAY063	1270	chr4	71898881	79466850	DUP	3
ARRAY064	516	chrY	84043772	87253659	DUP	3
ARRAY064	1271	chrY	84043772	87253659	DUP	3
ARRAY065	517	chr7	156690242	162635839	DEL	1
ARRAY065	1272	chr7	156690242	162635839	DEL	1
ARRAY066	518	chr14	36052886	50883036	LOSS	1
ARRAY066	1273	chr14	36052886	50883036	LOSS	1
ARRAY067	519	chr13	135460063	143040755	LOSS	1
ARRAY067	1274	chr13	135460063	143040755	LOSS	1
ARRAY068	520	chr7	161822417	170389075	GAIN	3
ARRAY068	1275	chr7	161822417	170389075	GAIN	3
ARRAY069	521	chr20	85604754	88356085	GAIN	3
ARRAY069	1276	chr20	85604754	88356085	GAIN	3
ARRAY070	522	chr1	98980296	104562574	DEL	1
ARRAY070	1277	chr1	98980296	104562574	DEL	1
ARRAY071	523	chr19	155157552	159000093	DEL	1
ARRAY071	1278	chr19	155157552	159000093	DEL	1
ARRAY072	524	chrX	29599854	32825683	DEL	1
ARRAY072	1279	chrX	29599854	32825683	DEL	1
ARRAY073	525	chr5	139332964	142836580	LOSS	1
ARRAY073	1280	chr5	139332964	142836580	LOSS	1
ARRAY074	526	chrY	182836332	193654267	LOSS	1
ARRAY074	1281	chrY	182836332	193654267	LOSS	1
ARRAY075	527	chrX	131365765	136709826	GAIN	3
ARRAY075	1282	chrX	131365765	136709826	GAIN	3
ARRAY076	528	chr2	77310180	89316482	DEL	1
ARRAY076	1283	chr2	77310180	89316482	DEL	1
ARRAY077	529	chr4	165369544	177824631	DUP	3
ARRAY077	1284	chr4	165369544	177824631	DUP	3
ARRAY078	530	chr22	207000938	209332252	DEL	1
ARRAY078	1285	chr22	207000938	209332252	DEL	1
ARRAY079	531	chr10	173481902	174499485	DEL	1
ARRAY079	1286	chr10	173481902	174499485	DEL	1
ARRAY080	532	chr16	50112646	62703834	LOSS	1
ARRAY080	1287	chr16	50112646	62703834	LOSS	1
ARRAY081	533	chr17	125733369	130335815	DUP	3
ARRAY081	1288	chr17	125733369	130335815	DUP	3
ARRAY082	534	chr19	181133177	193863273	DUP	3
ARRAY082	1289	chr19	181133177	193863273	DUP	3
ARRAY083	535	chr8	1933447	6333697	GAIN	3
ARRAY083	1290	chr8	1933447	6333697	GAIN	3
ARRAY084	536	chr8	16776372	28004963	DEL	1
ARRAY084	1291	chr8	16776372	28004963	DEL	1
ARRAY085	537	chr20	59383766	63085133	DUP	3
ARRAY085	1292	chr20	59383766	63085133	DUP	3
ARRAY086	538	chr22	202698854	212719961	DEL	1
ARRAY086	1293	chr22	202698854	212719961	DEL	1
ARRAY087	539	chr18	40325693	43111168	LOSS	1
ARRAY087	1294	chr18	40325693	43111168	LOSS	1
ARRAY088	540	chr15	35518538	44154407	GAIN	3
ARRAY088	1295	chr15	35518538	44154407	GAIN	3
ARRAY089	541	chr7	155339248	156589480	DEL	1
ARRAY089	1296	chr7	155339248	156589480	DEL	1
ARRAY090	542	chr5	205675303	216463306	GAIN	3
ARRAY090	1297	chr5	205675303	216463306	GAIN	3
ARRAY091	543	chr12	31945349	34964639	GAIN	3
ARRAY091	1298	chr12	31945349	34964639	GAIN	3
ARRAY092	544	chr8	123748156	129580752	DUP	3
ARRAY092	1299	chr8	123748156	129580752	DUP	3
ARRAY093	545	chr20	9113062	16628100	DEL	1
ARRAY093	1300	chr20	9113062	16628100	DEL	1
ARRAY094	546	chrY	154748441	160123757	LOSS	1
ARRAY094	1301	chrY	154748441	160123757	LOSS	1
ARRAY095	547	chr22	114775783	124126409	GAIN	3
ARRAY095	1302	chr22	114775783	124126409	GAIN	3
ARRAY096	548	chr10	101155262	104265239	GAIN	3
ARRAY096	1303	chr10	101155262	104265239	GAIN	3
ARRAY097	549	chr17	36095248	42636838	DUP	3
ARRAY097	1304	chr17	36095248	42636838	DUP	3
ARRAY098	550	chr9	101345257	112672596	DEL	1
ARRAY098	1305	chr9	101345257	112672596	DEL	1
ARRAY099	551	chr7	51109096	63573985	DEL	1
ARRAY099	1306	chr7	51109096	63573985	DEL	1
ARRAY100	552	chr13	125258155	134236318	LOSS	1
ARRAY100	1307	chr13	125258155	134236318	LOSS	1
ISCN001	556	chr21	29985207	30429817	DER	2
ISCN001	1311	chr21	29985207	30429817	DER	2
ISCN002	557	chr1	25251125	28944261	DUP	3
ISCN002	1312	chr1	25251125	28944261	DUP	3
ISCN003	558	chr9	217379832	231989271	DEL	1
ISCN003	1313	chr9	217379832	231989271	DEL	1
ISCN004	559	chr11	27536862	29117879	GAIN	3
ISCN004	1314	chr11	27536862	29117879	GAIN	3
ISCN005	560	chr3	148287279	153230994	DER	2
ISCN005	1315	chr3	148287279	153230994	DER	2
ISCN006	561	chr3	62589327	77151510	DEL	1
ISCN006	1316	chr3	62589327	77151510	DEL	1
ISCN007	562	chr22	71766312	83565902	DER	2
ISCN007	1317	chr22	71766312	83565902	DER	2
ISCN008	563	chr21	184827068	194196134	DUP	3
ISCN008	1318	chr21	184827068	194196134	DUP	3
ISCN009	564	chr7	152351235	167079243	DER	2
ISCN009	1319	chr7	152351235	167079243	DER	2
ISCN010	565	chrY	150791111	159858649	LOSS	1
ISCN010	1320	chrY	150791111	159858649	LOSS	1
ISCN011	566	chr16	24503309	37208229	DEL	1
ISCN011	1321	chr16	24503309	37208229	DEL	1
ISCN012	567	chr13	160057580	167935154	ADD	2
ISCN012	1322	chr13	160057580	167935154	ADD	2
ISCN013	568	chr14	42555148	50192368	DEL	1
ISCN013	1323	chr14	42555148	50192368	DEL	1
ISCN014	569	chr12	204784934	207520277	ADD	2
ISCN014	1324	chr12	204784934	207520277	ADD	2
ISCN015	570	chr10	64377491	65374314	DUP	3
ISCN015	1325	chr10	64377491	65374314	DUP	3
ISCN016	571	chr22	127682641	136931814	DUP	3
ISCN016	1326	chr22	127682641	136931814	DUP	3
ISCN017	572	chr21	100339303	107714402	ADD	2
ISCN017	1327	chr21	100339303	107714402	ADD	2
ISCN018	573	chr8	2030277	3246343	DER	2
ISCN018	1328	chr8	2030277	3246343	DER	2
ISCN019	574	chr22	130402462	134021759	ADD	2
ISCN019	1329	chr22	130402462	134021759	ADD	2
ISCN020	575	chr4	176994335	184251173	LOSS	1
ISCN020	1330	chr4	176994335	184251173	LOSS	1
ISCN021	576	chr11	215007415	229488881	DEL	1
ISCN021	1331	chr11	215007415	229488881	DEL	1
ISCN022	577	chr15	67156907	81853346	DEL	1
ISCN022	1332	chr15	67156907	81853346	DEL	1
ISCN023	578	chr14	130463297	138564151	DUP	3
ISCN023	1333	chr14	130463297	138564151	DUP	3
ISCN024	579	chr10	113650206	125362072	DER	2
ISCN024	1334	chr10	113650206	125362072	DER	2
ISCN025	580	chr19	197597944	206719470	DEL	1
ISCN025	1335	chr19	197597944	206719470	DEL	1
ISCN026	581	chr3	159828520	160993714	DER	2
ISCN026	1336	chr3	159828520	160993714	DER	2
ISCN027	582	chr22	156778336	166286270	ADD	2
ISCN027	1337	chr22	156778336	166286270	ADD	2
ISCN028	583	chr22	173375298	178433413	GAIN	3
ISCN028	1338	chr22	173375298	178433413	GAIN	3
ISCN029	584	chr9	35656038	41536434	DEL	1
ISCN029	1339	chr9	35656038	41536434	DEL	1
ISCN030	585	chr21	142086436	142242685	DER	2
ISCN030	1340	chr21	142086436	142242685	DER	2
ISCN031	586	chrY	148604841	151237824	LOSS	1
ISCN031	1341	chrY	148604841	151237824	LOSS	1
ISCN032	587	chr2	24876180	35542707	GAIN	3
ISCN032	1342	chr2	24876180	35542707	GAIN	3
ISCN033	588	chr15	148190585	160054720	GAIN	3
ISCN033	1343	chr15	148190585	160054720	GAIN	3
ISCN034	589	chr5	11328349	16525065	LOSS	1
ISCN034	1344	chr5	11328349	16525065	LOSS	1
ISCN035	590	chr14	166707554	179306701	DUP	3
ISCN035	1345	chr14	166707554	179306701	DUP	3
ISCN036	591	chr11	210120274	217052674	DER	2
ISCN036	1346	chr11	210120274	217052674	DER	2
ISCN037	592	chr8	53672423	67397472	GAIN	3
ISCN037	1347	chr8	53672423	67397472	GAIN	3
ISCN038	593	chr3	207688289	212396229	LOSS	1
ISCN038	1348	chr3	207688289	212396229	LOSS	1
ISCN039	594	chr19	71360584	72027433	DEL	1
ISCN039	1349	chr19	71360584	72027433	DEL	1
ISCN040	595	chr19	51123882	55422416	DEL	1
ISCN040	1350	chr19	51123882	55422416	DEL	1
ISCN041	596	chr11	167377006	172668636	DER	2
ISCN041	1351	chr11	167377006	172668636	DER	2
ISCN042	597	chr10	148923967	151084501	DUP	3
ISCN042	1352	chr10	148923967	151084501	DUP	3
ISCN043	598	chr10	56520484	63757810	ADD	2
ISCN043	1353	chr10	56520484	63757810	ADD	2
ISCN044	599	chr6	176958901	178406534	LOSS	1
ISCN044	1354	chr6	176958901	178406534	LOSS	1
ISCN045	600	chr5	6656640	7456977	DUP	3
ISCN045	1355	chr5	6656640	7456977	DUP	3
ISCN046	601	chrX	103173435	111492707	GAIN	3
ISCN046	1356	chrX	103173435	111492707	GAIN	3
ISCN047	602	chr18	66993652	81251374	DEL	1
ISCN047	1357	chr18	66993652	81251374	DEL	1
ISCN048	603	chr15	42823624	55325091	GAIN	3
ISCN048	1358	chr15	42823624	55325091	GAIN	3
ISCN049	604	chr3	191640741	196459463	DUP	3
ISCN049	1359	chr3	191640741	196459463	DUP	3
ISCN050	605	chrX	41118350	52995096	DUP	3
ISCN050	1360	chrX	41118350	52995096	DUP	3
ISCN051	606	chr13	206740479	216564705	DER	2
ISCN051	1361	chr13	206740479	216564705	DER	2
ISCN052	607	chr14	144577482	157143713	DER	2
ISCN052	1362	chr14	144577482	157143713	DER	2
ISCN053	608	chr1	104483060	110147377	DER	2
ISCN053	1363	chr1	104483060	110147377	DER	2
ISCN054	609	chr19	151602819	162751109	DEL	1
ISCN054	1364	chr19	151602819	162751109	DEL	1
ISCN055	610	chr11	56917125	64570713	LOSS	1
ISCN055	1365	chr11	56917125	64570713	LOSS	1
ISCN056	611	chrY	144899199	145798050	LOSS	1
ISCN056	1366	chrY	144899199	145798050	LOSS	1
ISCN057	612	chr20	41004824	45031944	DUP	3
ISCN057	1367	chr20	41004824	45031944	DUP	3
ISCN058	613	chr20	163106756	175679866	DER	2
ISCN058	1368	chr20	163106756	175679866	DER	2
ISCN059	614	chrX	53338744	54638753	ADD	2
ISCN059	1369	chrX	53338744	54638753	ADD	2
ISCN060	615	chr18	115091846	126215332	LOSS	1
ISCN060	1370	chr18	115091846	126215332	LOSS	1
ISCN061	616	chr21	123510341	135402010	DUP	3
ISCN061	1371	chr21	123510341	135402010	DUP	3
ISCN062	617	chr8	23363394	28068033	GAIN	3
ISCN062	1372	chr8	23363394	28068033	GAIN	3
ISCN063	618	chr6	130975689	134559469	LOSS	1
ISCN063	1373	chr6	130975689	134559469	LOSS	1
ISCN064	619	chr8	193393571	200237303	GAIN	3
ISCN064	1374	chr8	193393571	200237303	GAIN	3
ISCN065	620	chr10	59584331	66394056	DER	2
ISCN065	1375	chr10	59584331	66394056	DER	2
ISCN066	621	chrX	121901317	126471540	LOSS	1
ISCN066	1376	chrX	121901317	126471540	LOSS	1
ISCN067	622	chr7	198367676	206516180	LOSS	1
ISCN067	1377	chr7	198367676	206516180	LOSS	1
ISCN068	623	chr6	81239339	81501709	DER	2
ISCN068	1378	chr6	81239339	81501709	DER	2
ISCN069	624	chr1	154199191	158994613	GAIN	3
ISCN069	1379	chr1	154199191	158994613	GAIN	3
ISCN070	625	chr13	132102213	133370105	ADD	2
ISCN070	1380	chr13	132102213	133370105	ADD	2
ISCN071	626	chr18	205303725	212310966	ADD	2
ISCN071	1381	chr18	205303725	212310966	ADD	2
ISCN072	627	chr14	82074884	91639903	ADD	2
ISCN072	1382	chr14	82074884	91639903	ADD	2
ISCN073	628	chr6	148274290	149558669	DUP	3
ISCN073	1383	chr6	148274290	149558669	DUP	3
ISCN074	629	chrX	75991635	87810809	GAIN	3
ISCN074	1384	chrX	75991635	87810809	GAIN	3
ISCN075	630	chr5	71405173	85298742	DUP	3
ISCN075	1385	chr5	71405173	85298742	DUP	3
ISCN076	631	chr10	187933330	194711302	LOSS	1
ISCN076	1386	chr10	187933330	194711302	LOSS	1
ISCN077	632	chr9	7043055	8600265	DUP	3
ISCN077	1387	chr9	7043055	8600265	DUP	3
ISCN078	633	chr21	118810050	123501742	DUP	3
ISCN078	1388	chr21	118810050	123501742	DUP	3
ISCN079	634	chr11	86283419	97551393	DEL	1
ISCN079	1389	chr11	86283419	97551393	DEL	1
ISCN080	635	chr3	84527556	88787106	LOSS	1
ISCN080	1390	chr3	84527556	88787106	LOSS	1
ISCN081	636	chr17	97214407	107685469	GAIN	3
ISCN081	1391	chr17	97214407	107685469	GAIN	3
ISCN082	637	chr16	32695067	33204415	DER	2
ISCN082	1392	chr16	32695067	33204415	DER	2
ISCN083	638	chr14	25120655	28915506	DEL	1
ISCN083	1393	chr14	25120655	28915506	DEL	1
ISCN084	639	chr16	126860532	130974658	GAIN	3
ISCN084	1394	chr16	126860532	130974658	GAIN	3
ISCN085	640	chr17	71818614	85610149	DEL	1
ISCN085	1395	chr17	71818614	85610149	DEL	1
ISCN086	641	chr11	148254203	161078082	ADD	2
ISCN086	1396	chr11	148254203	161078082	ADD	2
ISCN087	642	chr11	200005267	207965491	DER	2
ISCN087	1397	chr11	200005267	207965491	DER	2
ISCN088	643	chr19	89219149	103835299	DEL	1
ISCN088	1398	chr19	89219149	103835299	DEL	1
ISCN089	644	chr5	20186555	28088300	LOSS	1
ISCN089	1399	chr5	20186555	28088300	LOSS	1
ISCN090	645	chr21	193029239	207942989	GAIN	3
ISCN090	1400	chr21	193029239	207942989	GAIN	3
ISCN091	646	chr3	116593328	118269929	DER	2
ISCN091	1401	chr3	116593328	118269929	DER	2
ISCN092	647	chr2	78850313	84889329	LOSS	1
ISCN092	1402	chr2	78850313	84889329	LOSS	1
ISCN093	648	chr20	102788453	113210467	DER	2
ISCN093	1403	chr20	102788453	113210467	DER	2
ISCN094	649	chr22	2622603	16147105	GAIN	3
ISCN094	1404	chr22	2622603	16147105	GAIN	3
ISCN095	650	chr14	185404622	189625573	GAIN	3
ISCN095	1405	chr14	185404622	189625573	GAIN	3
ISCN096	651	chr12	154399903	159388817	DER	2
ISCN096	1406	chr12	154399903	159388817	DER	2
ISCN097	652	chr8	163057768	176536953	LOSS	1
ISCN097	1407	chr8	163057768	176536953	LOSS	1
ISCN098	653	chr15	9056222	18804856	LOSS	1
ISCN098	1408	chr15	9056222	18804856	LOSS	1
ISCN099	654	chr18	98309133	107240357	ADD	2
ISCN099	1409	chr18	98309133	107240357	ADD	2
ISCN100	655	chr3	37884173	50561735	DUP	3
ISCN100	1410	chr3	37884173	50561735	DUP	3
SIM001	553	chr5	75000000	120000000	DEL	1
SIM001	554	chr7	55000000	61000000	DUP	3
SIM001	1308	chr5	75000000	120000000	DEL	1
SIM001	1309	chr7	55000000	61000000	DUP	3
SIM002	555	chr8	10000000	20000000	GAIN	3
SIM002	1310	chr8	10000000	20000000	GAIN	3
WGS001_SWGS101_SV	656	chr14	12371646	21834244	DEL	1
WGS001_SWGS101_SV	1411	chr14	12371646	21834244	DEL	1
WGS002_SWGS102_SV	657	chr6	145628752	156421527	DEL	1
WGS002_SWGS102_SV	1412	chr6	145628752	156421527	DEL	1
WGS003_SWGS103_SV	658	chr18	77057369	77369974	DUP	3
WGS003_SWGS103_SV	1413	chr18	77057369	77369974	DUP	3
WGS004_SWGS104_SV	659	chr13	148464663	156475703	DEL	1
WGS004_SWGS104_SV	1414	chr13	148464663	156475703	DEL	1
WGS005_SWGS105_SV	660	chr6	84518842	84806541	DEL	1
WGS005_SWGS105_SV	1415	chr6	84518842	84806541	DEL	1
WGS006_SWGS106_SV	661	chr11	8052577	18716394	DUP	3
WGS006_SWGS106_SV	1416	chr11	8052577	18716394	DUP	3
WGS007_SWGS107_SV	662	chr15	96714616	109512890	DUP	3
WGS007_SWGS107_SV	1417	chr15	96714616	109512890	DUP	3
WGS008_SWGS108_SV	663	chr19	139982933	142853062	DUP	3
WGS008_SWGS108_SV	1418	chr19	139982933	142853062	DUP	3
WGS009_SWGS109_SV	664	chr20	102075933	115591097	DUP	3
WGS009_SWGS109_SV	1419	chr20	102075933	115591097	DUP	3
WGS010_SWGS110_SV	665	chr12	30671529	40156370	DEL	1
WGS010_SWGS110_SV	1420	chr12	30671529	40156370	DEL	1
WGS011_SWGS111_SV	666	chr18	9969072	23260167	DUP	3
WGS011_SWGS111_SV	1421	chr18	9969072	23260167	DUP	3
WGS012_SWGS112_SV	667	chr22	158098413	169707028	DEL	1
WGS012_SWGS112_SV	1422	chr22	158098413	169707028	DEL	1
WGS013_SWGS113_SV	668	chr1	92194285	103090416	DEL	1
WGS013_SWGS113_SV	1423	chr1	92194285	103090416	DEL	1
WGS014_SWGS114_SV	669	chr9	202050837	213882966	DEL	1
WGS014_SWGS114_SV	1424	chr9	202050837	213882966	DEL	1
WGS015_SWGS115_SV	670	chr11	31738247	35765833	DUP	3
WGS015_SWGS115_SV	1425	chr11	31738247	35765833	DUP	3
WGS016_SWGS116_SV	671	chr12	2672535	10827923	DEL	1
WGS016_SWGS116_SV	1426	chr12	2672535	10827923	DEL	1
WGS017_SWGS117_SV	672	chr18	137218436	139142801	DEL	1
WGS017_SWGS117_SV	1427	chr18	137218436	139142801	DEL	1
WGS018_SWGS118_SV	673	chrX	163915904	174557033	DUP	3
WGS018_SWGS118_SV	1428	chrX	163915904	174557033	DUP	3
WGS019_SWGS119_SV	674	chrX	35718930	39932819	DEL	1
WGS019_SWGS119_SV	1429	chrX	35718930	39932819	DEL	1
WGS020_SWGS120_SV	675	chr3	213688167	222679321	DUP	3
WGS020_SWGS120_SV	1430	chr3	213688167	222679321	DUP	3
WGS021_SWGS121_SV	676	chr21	81131405	83823604	DUP	3
WGS021_SWGS121_SV	1431	chr21	81131405	83823604	DUP	3
WGS022_SWGS122_SV	677	chr1	2264279	13959461	DUP	3
WGS022_SWGS122_SV	1432	chr1	2264279	13959461	DUP	3
WGS023_SWGS123_SV	678	chr12	194026371	197625848	DEL	1
WGS023_SWGS123_SV	1433	chr12	194026371	197625848	DEL	1
WGS024_SWGS124_SV	679	chr22	81073377	84545184	DEL	1
WGS024_SWGS124_SV	1434	chr22	81073377	84545184	DEL	1
WGS025_SWGS125_SV	680	chr1	157769188	158927196	DEL	1
WGS025_SWGS125_SV	1435	chr1	157769188	158927196	DEL	1
WGS026_SWGS126_SV	681	chr14	31234911	38866228	DEL	1
WGS026_SWGS126_SV	1436	chr14	31234911	38866228	DEL	1
WGS027_SWGS127_SV	682	chr17	17245506	21682069	DEL	1
WGS027_SWGS127_SV	1437	chr17	17245506	21682069	DEL	1
WGS028_SWGS128_SV	683	chr8	86483070	90673235	DUP	3
WGS028_SWGS128_SV	1438	chr8	86483070	90673235	DUP	3
WGS029_SWGS129_SV	684	chr19	210689553	215813305	DEL	1
WGS029_SWGS129_SV	1439	chr19	210689553	215813305	DEL	1
WGS030_SWGS130_SV	685	chr2	62235444	76445651	DUP	3
WGS030_SWGS130_SV	1440	chr2	62235444	76445651	DUP	3
WGS031_SWGS131_SV	686	chr19	29352172	31984528	DEL	1
WGS031_SWGS131_SV	1441	chr19	29352172	31984528	DEL	1
WGS032_SWGS132_SV	687	chr12	106466062	115105485	DEL	1
WGS032_SWGS132_SV	1442	chr12	106466062	115105485	DEL	1
WGS033_SWGS133_SV	688	chr1	17406580	20749280	DUP	3
WGS033_SWGS133_SV	1443	chr1	17406580	20749280	DUP	3
WGS034_SWGS134_SV	689	chr21	79316689	87711701	DUP	3
WGS034_SWGS134_SV	1444	chr21	79316689	87711701	DUP	3
WGS035_SWGS135_SV	690	chr1	217717769	230804473	DUP	3
WGS035_SWGS135_SV	1445	chr1	217717769	230804473	DUP	3
WGS036_SWGS136_SV	691	chrY	187367704	193412086	DEL	1
WGS036_SWGS136_SV	1446	chrY	187367704	193412086	DEL	1
WGS037_SWGS137_SV	692	chr4	141376204	155840841	DUP	3
WGS037_SWGS137_SV	1447	chr4	141376204	155840841	DUP	3
WGS038_SWGS138_SV	693	chr13	82462232	94801624	DUP	3
WGS038_SWGS138_SV	1448	chr13	82462232	94801624	DUP	3
WGS039_SWGS139_SV	694	chr15	3158989	7633515	DEL	1
WGS039_SWGS139_SV	1449	chr15	3158989	7633515	DEL	1
WGS040_SWGS140_SV	695	chr9	28211916	29481792	DUP	3
WGS040_SWGS140_SV	1450	chr9	28211916	29481792	DUP	3
WGS041_SWGS141_SV	696	chr2	105568885	115186590	DUP	3
WGS041_SWGS141_SV	1451	chr2	105568885	115186590	DUP	3
WGS042_SWGS142_SV	697	chr3	172399694	181553613	DUP	3
WGS042_SWGS142_SV	1452	chr3	172399694	181553613	DUP	3
WGS043_SWGS143_SV	698	chr18	184533393	199102461	DUP	3
WGS043_SWGS143_SV	1453	chr18	184533393	199102461	DUP	3
WGS044_SWGS144_SV	699	chr20	69325843	74715349	DEL	1
WGS044_SWGS144_SV	1454	chr20	69325843	74715349	DEL	1
WGS045_SWGS145_SV	700	chr14	71003636	77455039	DUP	3
WGS045_SWGS145_SV	1455	chr14	71003636	77455039	DUP	3
WGS046_SWGS146_SV	701	chr11	72421875	84674100	DUP	3
WGS046_SWGS146_SV	1456	chr11	72421875	84674100	DUP	3
WGS047_SWGS147_SV	702	chr2	122627007	123500250	DUP	3
WGS047_SWGS147_SV	1457	chr2	122627007	123500250	DUP	3
WGS048_SWGS148_SV	703	chr6	153714352	166822730	DEL	1
WGS048_SWGS148_SV	1458	chr6	153714352	166822730	DEL	1
WGS049_SWGS149_SV	704	chr15	67745389	71431329	DUP	3
WGS049_SWGS149_SV	1459	chr15	67745389	71431329	DUP	3
WGS050_SWGS150_SV	705	chr7	40346338	49050084	DEL	1
WGS050_SWGS150_SV	1460	chr7	40346338	49050084	DEL	1
WGS051_SWGS151_SV	706	chr22	149953569	153017524	DUP	3
WGS051_SWGS151_SV	1461	chr22	149953569	153017524	DUP	3
WGS052_SWGS152_SV	707	chr2	170394578	180210335	DEL	1
WGS052_SWGS152_SV	1462	chr2	170394578	180210335	DEL	1
WGS053_SWGS153_SV	708	chr15	73524576	77062429	DEL	1
WGS053_SWGS153_SV	1463	chr15	73524576	77062429	DEL	1
WGS054_SWGS154_SV	709	chrX	92535688	97796727	DEL	1
WGS054_SWGS154_SV	1464	chrX	92535688	97796727	DEL	1
WGS055_SWGS155_SV	710	chrY	35320283	38888467	DEL	1
WGS055_SWGS155_SV	1465	chrY	35320283	38888467	DEL	1
WGS056_SWGS156_SV	711	chr10	113076821	124202710	DEL	1
WGS056_SWGS156_SV	1466	chr10	113076821	124202710	DEL	1
WGS057_SWGS157_SV	712	chrX	129127245	134698853	DEL	1
WGS057_SWGS157_SV	1467	chrX	129127245	134698853	DEL	1
WGS058_SWGS158_SV	713	chr12	215276814	226656072	DUP	3
WGS058_SWGS158_SV	1468	chr12	215276814	226656072	DUP	3
WGS059_SWGS159_SV	714	chr6	27940275	34945061	DUP	3
WGS059_SWGS159_SV	1469	chr6	27940275	34945061	DUP	3
WGS060_SWGS160_SV	715	chr14	177727301	189943498	DEL	1
WGS060_SWGS160_SV	1470	chr14	177727301	189943498	DEL	1
WGS061_SWGS161_SV	716	chr15	119336042	132803975	DUP	3
WGS061_SWGS161_SV	1471	chr15	119336042	132803975	DUP	3
WGS062_SWGS162_SV	717	chr8	122093172	127687748	DUP	3
WGS062_SWGS162_SV	1472	chr8	122093172	127687748	DUP	3
WGS063_SWGS163_SV	718	chr7	122787352	136646074	DEL	1
WGS063_SWGS163_SV	1473	chr7	122787352	136646074	DEL	1
WGS064_SWGS164_SV	719	chr4	104093392	115149777	DUP	3
WGS064_SWGS164_SV	1474	chr4	104093392	115149777	DUP	3
WGS065_SWGS165_SV	720	chr22	35713795	47657269	DEL	1
WGS065_SWGS165_SV	1475	chr22	35713795	47657269	DEL	1
WGS066_SWGS166_SV	721	chr7	202391335	211495696	DEL	1
WGS066_SWGS166_SV	1476	chr7	202391335	211495696	DEL	1
WGS067_SWGS167_SV	722	chr19	146830883	159245018	DEL	1
WGS067_SWGS167_SV	1477	chr19	146830883	159245018	DEL	1
WGS068_SWGS168_SV	723	chr20	13751403	26756279	DUP	3
WGS068_SWGS168_SV	1478	chr20	13751403	26756279	DUP	3
WGS069_SWGS169_SV	724	chr4	179666802	185496841	DUP	3
WGS069_SWGS169_SV	1479	chr4	179666802	185496841	DUP	3
WGS070_SWGS170_SV	725	chr4	45034700	58033831	DEL	1
WGS070_SWGS170_SV	1480	chr4	45034700	58033831	DEL	1
WGS071_SWGS171_SV	726	chr9	109523090	116058196	DUP	3
WGS071_SWGS171_SV	1481	chr9	109523090	116058196	DUP	3
WGS072_SWGS172_SV	727	chr16	42062762	51037865	DEL	1
WGS072_SWGS172_SV	1482	chr16	42062762	51037865	DEL	1
WGS073_SWGS173_SV	728	chr6	49490170	53219377	DUP	3
WGS073_SWGS173_SV	1483	chr6	49490170	53219377	DUP	3
WGS074_SWGS174_SV	729	chr11	165548161	176636430	DUP	3
WGS074_SWGS174_SV	1484	chr11	165548161	176636430	DUP	3
WGS075_SWGS175_SV	730	chr9	37681411	52659893	DEL	1
WGS075_SWGS175_SV	1485	chr9	37681411	52659893	DEL	1
WGS076_SWGS176_SV	731	chr13	97774417	106224385	DEL	1
WGS076_SWGS176_SV	1486	chr13	97774417	106224385	DEL	1
WGS077_SWGS177_SV	732	chr2	10811834	21717273	DUP	3
WGS077_SWGS177_SV	1487	chr2	10811834	21717273	DUP	3
WGS078_SWGS178_SV	733	chr15	44554474	48438078	DEL	1
WGS078_SWGS178_SV	1488	chr15	44554474	48438078	DEL	1
WGS079_SWGS179_SV	734	chr5	169090970	177716689	DEL	1
WGS079_SWGS179_SV	1489	chr5	169090970	177716689	DEL	1
WGS080_SWGS180_SV	735	chr15	160230705	170164261	DEL	1
WGS080_SWGS180_SV	1490	chr15	160230705	170164261	DEL	1
WGS081_SWGS181_SV	736	chr22	174376817	181641132	DUP	3
WGS081_SWGS181_SV	1491	chr22	174376817	181641132	DUP	3
WGS082_SWGS182_SV	737	chr19	140368433	142370268	DEL	1
WGS082_SWGS182_SV	1492	chr19	140368433	142370268	DEL	1
WGS083_SWGS183_SV	738	chr9	82416560	92132938	DUP	3
WGS083_SWGS183_SV	1493	chr9	82416560	92132938	DUP	3
WGS084_SWGS184_SV	739	chr12	21585503	31828311	DEL	1
WGS084_SWGS184_SV	1494	chr12	21585503	31828311	DEL	1
WGS085_SWGS185_SV	740	chr13	94891985	106152049	DUP	3
WGS085_SWGS185_SV	1495	chr13	94891985	106152049	DUP	3
WGS086_SWGS186_SV	741	chr17	79087623	84816304	DEL	1
WGS086_SWGS186_SV	1496	chr17	79087623	84816304	DEL	1
WGS087_SWGS187_SV	742	chrX	70792395	74982466	DUP	3
WGS087_SWGS187_SV	1497	chrX	70792395	74982466	DUP	3
WGS088_SWGS188_SV	743	chr20	95670370	98312541	DEL	1
WGS088_SWGS188_SV	1498	chr20	95670370	98312541	DEL	1
WGS089_SWGS189_SV	744	chr17	93324671	99955144	DEL	1
WGS089_SWGS189_SV	1499	chr17	93324671	99955144	DEL	1
WGS090_SWGS190_SV	745	chr12	107633256	112349661	DUP	3
WGS090_SWGS190_SV	1500	chr12	107633256	112349661	DUP	3
WGS091_SWGS191_SV	746	chr13	26668345	38278737	DEL	1
WGS091_SWGS191_SV	1501	chr13	26668345	38278737	DEL	1
WGS092_SWGS192_SV	747	chrY	120071888	135022443	DEL	1
WGS092_SWGS192_SV	1502	chrY	120071888	135022443	DEL	1
WGS093_SWGS193_SV	748	chrY	157650076	166414926	DUP	3
WGS093_SWGS193_SV	1503	chrY	157650076	166414926	DUP	3
WGS094_SWGS194_SV	749	chr10	61667271	65842895	DUP	3
WGS094_SWGS194_SV	1504	chr10	61667271	65842895	DUP	3
WGS095_SWGS195_SV	750	chr17	171841382	182595885	DUP	3
WGS095_SWGS195_SV	1505	chr17	171841382	182595885	DUP	3
WGS096_SWGS196_SV	751	chr18	100399265	103587961	DUP	3
WGS096_SWGS196_SV	1506	chr18	100399265	103587961	DUP	3
WGS097_SWGS197_SV	752	chr21	122330209	132718988	DUP	3
WGS097_SWGS197_SV	1507	chr21	122330209	132718988	DUP	3
WGS098_SWGS198_SV	753	chr12	124569351	136286976	DEL	1
WGS098_SWGS198_SV	1508	chr12	124569351	136286976	DEL	1
WGS099_SWGS199_SV	754	chr17	178880128	182402290	DUP	3
WGS099_SWGS199_SV	1509	chr17	178880128	182402290	DUP	3
WGS100_SWGS200_SV	755	chr2	156081675	169251208	DUP	3
WGS100_SWGS200_SV	1510	chr2	156081675	169251208	DUP	3
