chr	start	stop	value	event_type	confidence	segment_id	sample_test_result_id
chr1	9966871	12516871	5	AMP	HIGH	2084	1195
chr1	192821924	194496924	3	GAIN	MEDIUM	1839	1192
chr1	195613280	199038280	3	DUP	LOW	1769	1191
chr1	200335456	204810456	3	DUP	LOW	2095	1195
chr1	221490509	225090509	5	AMP	HIGH	1850	1192
chr2	116588855	121588855	3	DUP	LOW	1938	1193
chr2	124766349	128891349	5	AMP	HIGH	1693	1190
chr2	133090824	135290824	3	GAIN	MEDIUM	1682	1190
chr2	196606859	199681859	5	AMP	HIGH	1927	1193
chr2	217916814	221166814	3	GAIN	MEDIUM	2008	1194
chr3	21152085	25802085	5	AMP	HIGH	2096	1195
chr3	62301738	64151738	3	DUP	LOW	1840	1192
chr3	68854335	70529335	3	GAIN	MEDIUM	1759	1191
chr3	75898212	79673212	3	GAIN	MEDIUM	1851	1192
chr3	183921368	187521368	5	AMP	HIGH	1770	1191
chr3	189671729	192396729	3	GAIN	MEDIUM	2085	1195
chr4	28544618	32844618	3	GAIN	MEDIUM	1694	1190
chr4	38490111	41915111	3	DUP	LOW	2009	1194
chr4	49369082	51744082	3	DUP	LOW	1683	1190
chr4	157247197	160497197	3	GAIN	MEDIUM	1928	1193
chr5	45609632	47459632	3	DUP	LOW	1760	1191
chr5	54069278	58019278	3	DUP	LOW	1852	1192
chr5	79825199	81850199	5	AMP	HIGH	1841	1192
chr5	95816970	99591970	3	GAIN	MEDIUM	1771	1191
chr5	117128659	120028659	3	DUP	LOW	2086	1195
chr5	140534479	145359479	3	GAIN	MEDIUM	2097	1195
chr6	48637724	52237724	5	AMP	HIGH	2010	1194
chr6	57993121	59668121	3	GAIN	MEDIUM	1999	1194
chr6	63471633	66896633	3	DUP	LOW	1929	1193
chr6	127518426	130068426	5	AMP	HIGH	1684	1190
chr6	132644008	137119008	3	DUP	LOW	1695	1190
chr7	573711	3648711	5	AMP	HIGH	2087	1195
chr7	50944192	52969192	5	AMP	HIGH	1761	1191
chr7	81692676	83892676	3	GAIN	MEDIUM	1842	1192
chr7	84448699	88573699	5	AMP	HIGH	1853	1192
chr7	92421188	96371188	3	DUP	LOW	1772	1191
chr7	110733761	115733761	3	DUP	LOW	2098	1195
chr8	1804436	5404436	5	AMP	HIGH	1930	1193
chr8	19076406	23726406	5	AMP	HIGH	1696	1190
chr8	30653196	32503196	3	DUP	LOW	2000	1194
chr8	68382993	70057993	3	GAIN	MEDIUM	1919	1193
chr8	92524639	96299639	3	GAIN	MEDIUM	2011	1194
chr8	133079963	135804963	3	GAIN	MEDIUM	1685	1190
chr9	35938754	38313754	3	DUP	LOW	1843	1192
chr9	38473643	40673643	3	GAIN	MEDIUM	1762	1191
chr9	105872760	109122760	3	GAIN	MEDIUM	2088	1195
chr9	127592943	131892943	3	GAIN	MEDIUM	1854	1192
chr9	128647549	132772549	5	AMP	HIGH	1773	1191
chr10	7477894	11427894	3	DUP	LOW	2012	1194
chr10	39405623	44230623	3	GAIN	MEDIUM	1697	1190
chr10	53272230	56172230	3	DUP	LOW	1686	1190
chr10	66542198	68392198	3	DUP	LOW	1920	1193
chr10	91089345	93114345	5	AMP	HIGH	2001	1194
chr10	101500591	105275591	3	GAIN	MEDIUM	1931	1193
chr11	44308652	48783652	3	DUP	LOW	1855	1192
chr11	57705059	60255059	5	AMP	HIGH	1844	1192
chr11	71845642	75270642	3	DUP	LOW	2089	1195
chr11	73110327	77410327	3	GAIN	MEDIUM	1774	1191
chr11	95845112	98220112	3	DUP	LOW	1763	1191
chr12	3930126	7005126	5	AMP	HIGH	1687	1190
chr12	24602094	28552094	3	DUP	LOW	1932	1193
chr12	50618213	52643213	5	AMP	HIGH	1921	1193
chr12	57414316	62414316	3	DUP	LOW	1698	1190
chr12	108058390	112183390	5	AMP	HIGH	2013	1194
chr12	122924818	125124818	3	GAIN	MEDIUM	2002	1194
chr13	19298280	22023280	3	GAIN	MEDIUM	1845	1192
chr13	49110911	53760911	5	AMP	HIGH	1856	1192
chr13	59580152	64055152	3	DUP	LOW	1775	1191
chr13	71986849	75586849	5	AMP	HIGH	2090	1195
chr13	87828193	90378193	5	AMP	HIGH	1764	1191
chr13	104513546	106188546	3	GAIN	MEDIUM	2079	1195
chr14	3785664	7035664	3	GAIN	MEDIUM	1688	1190
chr14	14081619	16456619	3	DUP	LOW	2003	1194
chr14	22976932	25176932	3	GAIN	MEDIUM	1922	1193
chr14	30627638	34927638	3	GAIN	MEDIUM	2014	1194
chr14	65210387	69335387	5	AMP	HIGH	1933	1193
chr15	14214635	17114635	3	DUP	LOW	1846	1192
chr15	25079869	28854869	3	GAIN	MEDIUM	2091	1195
chr15	43417435	48242435	3	GAIN	MEDIUM	1857	1192
chr15	44968258	46818258	3	DUP	LOW	2080	1195
chr15	48728457	51453457	3	GAIN	MEDIUM	1765	1191
chr15	81963635	86613635	5	AMP	HIGH	1776	1191
chr16	4133478	7558478	3	DUP	LOW	1689	1190
chr16	22807481	25357481	5	AMP	HIGH	2004	1194
chr16	48553327	50928327	3	DUP	LOW	1923	1193
chr16	49460818	53760818	3	GAIN	MEDIUM	1934	1193
chr16	68713282	73188282	3	DUP	LOW	2015	1194
chr17	16025443	19100443	5	AMP	HIGH	1847	1192
chr17	21033543	23058543	5	AMP	HIGH	2081	1195
chr17	24381183	29381183	3	DUP	LOW	1858	1192
chr17	60849395	63749395	3	DUP	LOW	1766	1191
chr17	64902458	69727458	3	GAIN	MEDIUM	1777	1191
chr17	72789283	76739283	3	DUP	LOW	2092	1195
chr18	761343	5411343	5	AMP	HIGH	2016	1194
chr18	5690732	8415732	3	GAIN	MEDIUM	2005	1194
chr18	20656974	25131974	3	DUP	LOW	1935	1193
chr18	37912423	39587423	3	GAIN	MEDIUM	1679	1190
chr18	46766508	49316508	5	AMP	HIGH	1924	1193
chr18	59214169	62814169	5	AMP	HIGH	1690	1190
chr19	1264761	3464761	3	GAIN	MEDIUM	2082	1195
chr19	15223975	18473975	3	GAIN	MEDIUM	1848	1192
chr19	17062368	21187368	5	AMP	HIGH	2093	1195
chr19	17743384	20818384	5	AMP	HIGH	1767	1191
chr19	42939303	47939303	3	DUP	LOW	1778	1191
chr20	7120708	9845708	3	GAIN	MEDIUM	1925	1193
chr20	11524860	15299860	3	GAIN	MEDIUM	1691	1190
chr20	14617741	16467741	3	DUP	LOW	1680	1190
chr20	16574325	19474325	3	DUP	LOW	2006	1194
chr20	18447823	23097823	5	AMP	HIGH	1936	1193
chr20	48755605	53580605	3	GAIN	MEDIUM	2017	1194
chr21	16823799	21123799	3	GAIN	MEDIUM	2094	1195
chr21	30352379	33602379	3	GAIN	MEDIUM	1768	1191
chr21	31212982	34637982	3	DUP	LOW	1849	1192
chr21	36687933	39062933	3	DUP	LOW	2083	1195
chr22	1893903	6718903	3	GAIN	MEDIUM	1937	1193
chr22	8936688	11836688	3	DUP	LOW	1926	1193
chr22	16951143	18976143	5	AMP	HIGH	1681	1190
chr22	30264654	34214654	3	DUP	LOW	1692	1190
chr22	35886299	38961299	5	AMP	HIGH	2007	1194
chr22	40752302	45752302	3	DUP	LOW	2018	1194
